Month,Year,Municipality,Dengue_Cases
Jan,2019,Agno,1
Feb,2019,Agno,1
Mar,2019,Agno,0
Apr,2019,Agno,0
May,2019,Agno,0
Jun,2019,Agno,1
Jul,2019,Agno,13
Aug,2019,Agno,22
Sep,2019,Agno,14
Oct,2019,Agno,3
Nov,2019,Agno,5
Dec,2019,Agno,0
Jan,2020,Agno,2
Feb,2020,Agno,0
Mar,2020,Agno,0
Apr,2020,Agno,0
May,2020,Agno,0
Jun,2020,Agno,1
Jul,2020,Agno,1
Aug,2020,Agno,3
Sep,2020,Agno,1
Oct,2020,Agno,1
Nov,2020,Agno,2
Dec,2020,Agno,0
Jan,2021,Agno,0
Feb,2021,Agno,0
Mar,2021,Agno,2
Apr,2021,Agno,6
May,2021,Agno,11
Jun,2021,Agno,2
Jul,2021,Agno,41
Aug,2021,Agno,22
Sep,2021,Agno,7
Oct,2021,Agno,0
Nov,2021,Agno,1
Dec,2021,Agno,0
Jan,2022,Agno,0
Feb,2022,Agno,1
Mar,2022,Agno,0
Apr,2022,Agno,1
May,2022,Agno,1
Jun,2022,Agno,2
Jul,2022,Agno,2
Aug,2022,Agno,3
Sep,2022,Agno,1
Oct,2022,Agno,0
Nov,2022,Agno,0
Dec,2022,Agno,1
Jan,2023,Agno,0
Feb,2023,Agno,0
Mar,2023,Agno,0
Apr,2023,Agno,0
May,2023,Agno,0
Jun,2023,Agno,0
Jul,2023,Agno,0
Aug,2023,Agno,0
Sep,2023,Agno,3
Oct,2023,Agno,1
Nov,2023,Agno,1
Dec,2023,Agno,2
Jan,2024,Agno,1
Feb,2024,Agno,0
Mar,2024,Agno,0
Apr,2024,Agno,0
May,2024,Agno,0
Jun,2024,Agno,1
Jul,2024,Agno,6
Aug,2024,Agno,8
Sep,2024,Agno,4
Oct,2024,Agno,1
Jan,2019,Aguilar,1
Feb,2019,Aguilar,0
Mar,2019,Aguilar,3
Apr,2019,Aguilar,0
May,2019,Aguilar,0
Jun,2019,Aguilar,1
Jul,2019,Aguilar,1
Aug,2019,Aguilar,6
Sep,2019,Aguilar,25
Oct,2019,Aguilar,9
Nov,2019,Aguilar,6
Dec,2019,Aguilar,3
Jan,2020,Aguilar,1
Feb,2020,Aguilar,1
Mar,2020,Aguilar,2
Apr,2020,Aguilar,3
May,2020,Aguilar,1
Jun,2020,Aguilar,8
Jul,2020,Aguilar,20
Aug,2020,Aguilar,24
Sep,2020,Aguilar,7
Oct,2020,Aguilar,4
Nov,2020,Aguilar,4
Dec,2020,Aguilar,3
Jan,2021,Aguilar,0
Feb,2021,Aguilar,0
Mar,2021,Aguilar,1
Apr,2021,Aguilar,1
May,2021,Aguilar,4
Jun,2021,Aguilar,7
Jul,2021,Aguilar,7
Aug,2021,Aguilar,3
Sep,2021,Aguilar,2
Oct,2021,Aguilar,5
Nov,2021,Aguilar,1
Dec,2021,Aguilar,0
Jan,2022,Aguilar,0
Feb,2022,Aguilar,1
Mar,2022,Aguilar,0
Apr,2022,Aguilar,0
May,2022,Aguilar,0
Jun,2022,Aguilar,3
Jul,2022,Aguilar,7
Aug,2022,Aguilar,5
Sep,2022,Aguilar,5
Oct,2022,Aguilar,2
Nov,2022,Aguilar,1
Dec,2022,Aguilar,0
Jan,2023,Aguilar,0
Feb,2023,Aguilar,0
Mar,2023,Aguilar,3
Apr,2023,Aguilar,0
May,2023,Aguilar,2
Jun,2023,Aguilar,3
Jul,2023,Aguilar,0
Aug,2023,Aguilar,2
Sep,2023,Aguilar,8
Oct,2023,Aguilar,5
Nov,2023,Aguilar,7
Dec,2023,Aguilar,1
Jan,2024,Aguilar,0
Feb,2024,Aguilar,4
Mar,2024,Aguilar,1
Apr,2024,Aguilar,2
May,2024,Aguilar,1
Jun,2024,Aguilar,4
Jul,2024,Aguilar,20
Aug,2024,Aguilar,22
Sep,2024,Aguilar,30
Oct,2024,Aguilar,11
Jan,2019,Alaminos City,16
Feb,2019,Alaminos City,13
Mar,2019,Alaminos City,1
Apr,2019,Alaminos City,1
May,2019,Alaminos City,2
Jun,2019,Alaminos City,37
Jul,2019,Alaminos City,65
Aug,2019,Alaminos City,59
Sep,2019,Alaminos City,50
Oct,2019,Alaminos City,26
Nov,2019,Alaminos City,7
Dec,2019,Alaminos City,3
Jan,2020,Alaminos City,3
Feb,2020,Alaminos City,9
Mar,2020,Alaminos City,11
Apr,2020,Alaminos City,0
May,2020,Alaminos City,0
Jun,2020,Alaminos City,12
Jul,2020,Alaminos City,53
Aug,2020,Alaminos City,33
Sep,2020,Alaminos City,25
Oct,2020,Alaminos City,3
Nov,2020,Alaminos City,14
Dec,2020,Alaminos City,21
Jan,2021,Alaminos City,23
Feb,2021,Alaminos City,32
Mar,2021,Alaminos City,20
Apr,2021,Alaminos City,21
May,2021,Alaminos City,30
Jun,2021,Alaminos City,68
Jul,2021,Alaminos City,104
Aug,2021,Alaminos City,34
Sep,2021,Alaminos City,14
Oct,2021,Alaminos City,6
Nov,2021,Alaminos City,3
Dec,2021,Alaminos City,0
Jan,2022,Alaminos City,2
Feb,2022,Alaminos City,3
Mar,2022,Alaminos City,1
Apr,2022,Alaminos City,3
May,2022,Alaminos City,1
Jun,2022,Alaminos City,19
Jul,2022,Alaminos City,31
Aug,2022,Alaminos City,17
Sep,2022,Alaminos City,1
Oct,2022,Alaminos City,4
Nov,2022,Alaminos City,5
Dec,2022,Alaminos City,2
Jan,2023,Alaminos City,3
Feb,2023,Alaminos City,1
Mar,2023,Alaminos City,4
Apr,2023,Alaminos City,1
May,2023,Alaminos City,1
Jun,2023,Alaminos City,0
Jul,2023,Alaminos City,6
Aug,2023,Alaminos City,6
Sep,2023,Alaminos City,7
Oct,2023,Alaminos City,4
Nov,2023,Alaminos City,3
Dec,2023,Alaminos City,2
Jan,2024,Alaminos City,1
Feb,2024,Alaminos City,1
Mar,2024,Alaminos City,2
Apr,2024,Alaminos City,1
May,2024,Alaminos City,1
Jun,2024,Alaminos City,3
Jul,2024,Alaminos City,44
Aug,2024,Alaminos City,47
Sep,2024,Alaminos City,21
Oct,2024,Alaminos City,0
Jan,2019,Alcala,13
Feb,2019,Alcala,4
Mar,2019,Alcala,2
Apr,2019,Alcala,0
May,2019,Alcala,2
Jun,2019,Alcala,4
Jul,2019,Alcala,17
Aug,2019,Alcala,11
Sep,2019,Alcala,15
Oct,2019,Alcala,12
Nov,2019,Alcala,1
Dec,2019,Alcala,0
Jan,2020,Alcala,1
Feb,2020,Alcala,2
Mar,2020,Alcala,0
Apr,2020,Alcala,0
May,2020,Alcala,0
Jun,2020,Alcala,1
Jul,2020,Alcala,3
Aug,2020,Alcala,5
Sep,2020,Alcala,5
Oct,2020,Alcala,5
Nov,2020,Alcala,8
Dec,2020,Alcala,5
Jan,2021,Alcala,7
Feb,2021,Alcala,0
Mar,2021,Alcala,1
Apr,2021,Alcala,1
May,2021,Alcala,1
Jun,2021,Alcala,1
Jul,2021,Alcala,4
Aug,2021,Alcala,7
Sep,2021,Alcala,0
Oct,2021,Alcala,1
Nov,2021,Alcala,0
Dec,2021,Alcala,2
Jan,2022,Alcala,0
Feb,2022,Alcala,1
Mar,2022,Alcala,0
Apr,2022,Alcala,2
May,2022,Alcala,4
Jun,2022,Alcala,1
Jul,2022,Alcala,3
Aug,2022,Alcala,10
Sep,2022,Alcala,2
Oct,2022,Alcala,3
Nov,2022,Alcala,0
Dec,2022,Alcala,3
Jan,2023,Alcala,0
Feb,2023,Alcala,0
Mar,2023,Alcala,1
Apr,2023,Alcala,0
May,2023,Alcala,0
Jun,2023,Alcala,2
Jul,2023,Alcala,1
Aug,2023,Alcala,3
Sep,2023,Alcala,3
Oct,2023,Alcala,4
Nov,2023,Alcala,2
Dec,2023,Alcala,2
Jan,2024,Alcala,0
Feb,2024,Alcala,1
Mar,2024,Alcala,5
Apr,2024,Alcala,0
May,2024,Alcala,2
Jun,2024,Alcala,1
Jul,2024,Alcala,5
Aug,2024,Alcala,10
Sep,2024,Alcala,5
Oct,2024,Alcala,0
Jan,2019,Anda,5
Feb,2019,Anda,6
Mar,2019,Anda,3
Apr,2019,Anda,1
May,2019,Anda,6
Jun,2019,Anda,19
Jul,2019,Anda,56
Aug,2019,Anda,38
Sep,2019,Anda,16
Oct,2019,Anda,10
Nov,2019,Anda,8
Dec,2019,Anda,0
Jan,2020,Anda,1
Feb,2020,Anda,2
Mar,2020,Anda,0
Apr,2020,Anda,1
May,2020,Anda,1
Jun,2020,Anda,0
Jul,2020,Anda,0
Aug,2020,Anda,0
Sep,2020,Anda,0
Oct,2020,Anda,0
Nov,2020,Anda,1
Dec,2020,Anda,1
Jan,2021,Anda,1
Feb,2021,Anda,1
Mar,2021,Anda,1
Apr,2021,Anda,2
May,2021,Anda,3
Jun,2021,Anda,9
Jul,2021,Anda,21
Aug,2021,Anda,15
Sep,2021,Anda,2
Oct,2021,Anda,0
Nov,2021,Anda,0
Dec,2021,Anda,0
Jan,2022,Anda,0
Feb,2022,Anda,1
Mar,2022,Anda,0
Apr,2022,Anda,0
May,2022,Anda,1
Jun,2022,Anda,1
Jul,2022,Anda,2
Aug,2022,Anda,1
Sep,2022,Anda,1
Oct,2022,Anda,1
Nov,2022,Anda,0
Dec,2022,Anda,1
Jan,2023,Anda,3
Feb,2023,Anda,0
Mar,2023,Anda,0
Apr,2023,Anda,0
May,2023,Anda,0
Jun,2023,Anda,1
Jul,2023,Anda,0
Aug,2023,Anda,2
Sep,2023,Anda,0
Oct,2023,Anda,0
Nov,2023,Anda,1
Dec,2023,Anda,0
Jan,2024,Anda,2
Feb,2024,Anda,0
Mar,2024,Anda,0
Apr,2024,Anda,1
May,2024,Anda,3
Jun,2024,Anda,7
Jul,2024,Anda,23
Aug,2024,Anda,16
Sep,2024,Anda,0
Oct,2024,Anda,0
Jan,2019,Asingan,12
Feb,2019,Asingan,5
Mar,2019,Asingan,4
Apr,2019,Asingan,1
May,2019,Asingan,3
Jun,2019,Asingan,0
Jul,2019,Asingan,7
Aug,2019,Asingan,13
Sep,2019,Asingan,25
Oct,2019,Asingan,27
Nov,2019,Asingan,12
Dec,2019,Asingan,6
Jan,2020,Asingan,7
Feb,2020,Asingan,15
Mar,2020,Asingan,1
Apr,2020,Asingan,0
May,2020,Asingan,1
Jun,2020,Asingan,3
Jul,2020,Asingan,10
Aug,2020,Asingan,20
Sep,2020,Asingan,11
Oct,2020,Asingan,20
Nov,2020,Asingan,28
Dec,2020,Asingan,18
Jan,2021,Asingan,17
Feb,2021,Asingan,12
Mar,2021,Asingan,9
Apr,2021,Asingan,3
May,2021,Asingan,2
Jun,2021,Asingan,12
Jul,2021,Asingan,21
Aug,2021,Asingan,29
Sep,2021,Asingan,6
Oct,2021,Asingan,2
Nov,2021,Asingan,0
Dec,2021,Asingan,1
Jan,2022,Asingan,1
Feb,2022,Asingan,1
Mar,2022,Asingan,0
Apr,2022,Asingan,0
May,2022,Asingan,3
Jun,2022,Asingan,4
Jul,2022,Asingan,10
Aug,2022,Asingan,32
Sep,2022,Asingan,13
Oct,2022,Asingan,9
Nov,2022,Asingan,3
Dec,2022,Asingan,4
Jan,2023,Asingan,2
Feb,2023,Asingan,0
Mar,2023,Asingan,1
Apr,2023,Asingan,2
May,2023,Asingan,0
Jun,2023,Asingan,4
Jul,2023,Asingan,1
Aug,2023,Asingan,5
Sep,2023,Asingan,0
Oct,2023,Asingan,1
Nov,2023,Asingan,1
Dec,2023,Asingan,0
Jan,2024,Asingan,0
Feb,2024,Asingan,0
Mar,2024,Asingan,0
Apr,2024,Asingan,0
May,2024,Asingan,0
Jun,2024,Asingan,0
Jul,2024,Asingan,5
Aug,2024,Asingan,20
Sep,2024,Asingan,12
Oct,2024,Asingan,1
Jan,2019,Balungao,0
Feb,2019,Balungao,0
Mar,2019,Balungao,0
Apr,2019,Balungao,0
May,2019,Balungao,0
Jun,2019,Balungao,4
Jul,2019,Balungao,28
Aug,2019,Balungao,46
Sep,2019,Balungao,17
Oct,2019,Balungao,6
Nov,2019,Balungao,2
Dec,2019,Balungao,2
Jan,2020,Balungao,2
Feb,2020,Balungao,1
Mar,2020,Balungao,0
Apr,2020,Balungao,0
May,2020,Balungao,0
Jun,2020,Balungao,0
Jul,2020,Balungao,0
Aug,2020,Balungao,0
Sep,2020,Balungao,0
Oct,2020,Balungao,0
Nov,2020,Balungao,1
Dec,2020,Balungao,2
Jan,2021,Balungao,1
Feb,2021,Balungao,3
Mar,2021,Balungao,0
Apr,2021,Balungao,0
May,2021,Balungao,4
Jun,2021,Balungao,0
Jul,2021,Balungao,5
Aug,2021,Balungao,4
Sep,2021,Balungao,0
Oct,2021,Balungao,0
Nov,2021,Balungao,0
Dec,2021,Balungao,0
Jan,2022,Balungao,0
Feb,2022,Balungao,0
Mar,2022,Balungao,0
Apr,2022,Balungao,0
May,2022,Balungao,2
Jun,2022,Balungao,3
Jul,2022,Balungao,11
Aug,2022,Balungao,14
Sep,2022,Balungao,5
Oct,2022,Balungao,0
Nov,2022,Balungao,0
Dec,2022,Balungao,0
Jan,2023,Balungao,4
Feb,2023,Balungao,3
Mar,2023,Balungao,3
Apr,2023,Balungao,1
May,2023,Balungao,3
Jun,2023,Balungao,21
Jul,2023,Balungao,55
Aug,2023,Balungao,32
Sep,2023,Balungao,15
Oct,2023,Balungao,2
Nov,2023,Balungao,7
Dec,2023,Balungao,1
Jan,2024,Balungao,2
Feb,2024,Balungao,0
Mar,2024,Balungao,1
Apr,2024,Balungao,0
May,2024,Balungao,0
Jun,2024,Balungao,0
Jul,2024,Balungao,5
Aug,2024,Balungao,14
Sep,2024,Balungao,0
Oct,2024,Balungao,3
Jan,2019,Bani,5
Feb,2019,Bani,7
Mar,2019,Bani,17
Apr,2019,Bani,15
May,2019,Bani,7
Jun,2019,Bani,48
Jul,2019,Bani,85
Aug,2019,Bani,28
Sep,2019,Bani,30
Oct,2019,Bani,13
Nov,2019,Bani,2
Dec,2019,Bani,2
Jan,2020,Bani,0
Feb,2020,Bani,3
Mar,2020,Bani,1
Apr,2020,Bani,0
May,2020,Bani,0
Jun,2020,Bani,0
Jul,2020,Bani,1
Aug,2020,Bani,4
Sep,2020,Bani,2
Oct,2020,Bani,2
Nov,2020,Bani,5
Dec,2020,Bani,2
Jan,2021,Bani,2
Feb,2021,Bani,1
Mar,2021,Bani,4
Apr,2021,Bani,6
May,2021,Bani,4
Jun,2021,Bani,24
Jul,2021,Bani,29
Aug,2021,Bani,24
Sep,2021,Bani,2
Oct,2021,Bani,2
Nov,2021,Bani,2
Dec,2021,Bani,3
Jan,2022,Bani,2
Feb,2022,Bani,1
Mar,2022,Bani,0
Apr,2022,Bani,0
May,2022,Bani,1
Jun,2022,Bani,4
Jul,2022,Bani,9
Aug,2022,Bani,4
Sep,2022,Bani,2
Oct,2022,Bani,2
Nov,2022,Bani,1
Dec,2022,Bani,2
Jan,2023,Bani,0
Feb,2023,Bani,0
Mar,2023,Bani,2
Apr,2023,Bani,0
May,2023,Bani,0
Jun,2023,Bani,0
Jul,2023,Bani,3
Aug,2023,Bani,1
Sep,2023,Bani,3
Oct,2023,Bani,0
Nov,2023,Bani,3
Dec,2023,Bani,0
Jan,2024,Bani,8
Feb,2024,Bani,2
Mar,2024,Bani,0
Apr,2024,Bani,0
May,2024,Bani,2
Jun,2024,Bani,1
Jul,2024,Bani,1
Aug,2024,Bani,7
Sep,2024,Bani,4
Oct,2024,Bani,0
Jan,2019,Basista,7
Feb,2019,Basista,4
Mar,2019,Basista,1
Apr,2019,Basista,2
May,2019,Basista,1
Jun,2019,Basista,1
Jul,2019,Basista,1
Aug,2019,Basista,29
Sep,2019,Basista,34
Oct,2019,Basista,18
Nov,2019,Basista,11
Dec,2019,Basista,2
Jan,2020,Basista,1
Feb,2020,Basista,3
Mar,2020,Basista,0
Apr,2020,Basista,0
May,2020,Basista,0
Jun,2020,Basista,1
Jul,2020,Basista,2
Aug,2020,Basista,11
Sep,2020,Basista,16
Oct,2020,Basista,25
Nov,2020,Basista,7
Dec,2020,Basista,26
Jan,2021,Basista,15
Feb,2021,Basista,3
Mar,2021,Basista,12
Apr,2021,Basista,19
May,2021,Basista,6
Jun,2021,Basista,11
Jul,2021,Basista,25
Aug,2021,Basista,24
Sep,2021,Basista,8
Oct,2021,Basista,0
Nov,2021,Basista,0
Dec,2021,Basista,1
Jan,2022,Basista,1
Feb,2022,Basista,1
Mar,2022,Basista,1
Apr,2022,Basista,1
May,2022,Basista,3
Jun,2022,Basista,1
Jul,2022,Basista,8
Aug,2022,Basista,7
Sep,2022,Basista,5
Oct,2022,Basista,0
Nov,2022,Basista,1
Dec,2022,Basista,0
Jan,2023,Basista,3
Feb,2023,Basista,0
Mar,2023,Basista,0
Apr,2023,Basista,1
May,2023,Basista,3
Jun,2023,Basista,1
Jul,2023,Basista,3
Aug,2023,Basista,7
Sep,2023,Basista,11
Oct,2023,Basista,4
Nov,2023,Basista,2
Dec,2023,Basista,1
Jan,2024,Basista,1
Feb,2024,Basista,1
Mar,2024,Basista,0
Apr,2024,Basista,1
May,2024,Basista,1
Jun,2024,Basista,0
Jul,2024,Basista,62
Aug,2024,Basista,183
Sep,2024,Basista,43
Oct,2024,Basista,5
Jan,2019,Bautista,15
Feb,2019,Bautista,8
Mar,2019,Bautista,1
Apr,2019,Bautista,2
May,2019,Bautista,0
Jun,2019,Bautista,1
Jul,2019,Bautista,3
Aug,2019,Bautista,17
Sep,2019,Bautista,21
Oct,2019,Bautista,18
Nov,2019,Bautista,2
Dec,2019,Bautista,1
Jan,2020,Bautista,3
Feb,2020,Bautista,5
Mar,2020,Bautista,0
Apr,2020,Bautista,0
May,2020,Bautista,0
Jun,2020,Bautista,0
Jul,2020,Bautista,1
Aug,2020,Bautista,2
Sep,2020,Bautista,7
Oct,2020,Bautista,8
Nov,2020,Bautista,5
Dec,2020,Bautista,3
Jan,2021,Bautista,4
Feb,2021,Bautista,5
Mar,2021,Bautista,3
Apr,2021,Bautista,2
May,2021,Bautista,5
Jun,2021,Bautista,0
Jul,2021,Bautista,1
Aug,2021,Bautista,8
Sep,2021,Bautista,1
Oct,2021,Bautista,1
Nov,2021,Bautista,0
Dec,2021,Bautista,0
Jan,2022,Bautista,1
Feb,2022,Bautista,0
Mar,2022,Bautista,2
Apr,2022,Bautista,0
May,2022,Bautista,0
Jun,2022,Bautista,1
Jul,2022,Bautista,3
Aug,2022,Bautista,3
Sep,2022,Bautista,2
Oct,2022,Bautista,1
Nov,2022,Bautista,1
Dec,2022,Bautista,0
Jan,2023,Bautista,0
Feb,2023,Bautista,0
Mar,2023,Bautista,1
Apr,2023,Bautista,0
May,2023,Bautista,0
Jun,2023,Bautista,0
Jul,2023,Bautista,2
Aug,2023,Bautista,5
Sep,2023,Bautista,6
Oct,2023,Bautista,3
Nov,2023,Bautista,2
Dec,2023,Bautista,5
Jan,2024,Bautista,0
Feb,2024,Bautista,0
Mar,2024,Bautista,1
Apr,2024,Bautista,0
May,2024,Bautista,0
Jun,2024,Bautista,0
Jul,2024,Bautista,16
Aug,2024,Bautista,53
Sep,2024,Bautista,3
Oct,2024,Bautista,0
Jan,2019,Bayambang,62
Feb,2019,Bayambang,34
Mar,2019,Bayambang,18
Apr,2019,Bayambang,5
May,2019,Bayambang,9
Jun,2019,Bayambang,8
Jul,2019,Bayambang,46
Aug,2019,Bayambang,133
Sep,2019,Bayambang,150
Oct,2019,Bayambang,72
Nov,2019,Bayambang,14
Dec,2019,Bayambang,9
Jan,2020,Bayambang,11
Feb,2020,Bayambang,25
Mar,2020,Bayambang,13
Apr,2020,Bayambang,0
May,2020,Bayambang,1
Jun,2020,Bayambang,3
Jul,2020,Bayambang,12
Aug,2020,Bayambang,23
Sep,2020,Bayambang,16
Oct,2020,Bayambang,35
Nov,2020,Bayambang,68
Dec,2020,Bayambang,46
Jan,2021,Bayambang,29
Feb,2021,Bayambang,12
Mar,2021,Bayambang,14
Apr,2021,Bayambang,11
May,2021,Bayambang,7
Jun,2021,Bayambang,15
Jul,2021,Bayambang,36
Aug,2021,Bayambang,94
Sep,2021,Bayambang,17
Oct,2021,Bayambang,6
Nov,2021,Bayambang,7
Dec,2021,Bayambang,2
Jan,2022,Bayambang,2
Feb,2022,Bayambang,1
Mar,2022,Bayambang,1
Apr,2022,Bayambang,3
May,2022,Bayambang,2
Jun,2022,Bayambang,3
Jul,2022,Bayambang,22
Aug,2022,Bayambang,12
Sep,2022,Bayambang,14
Oct,2022,Bayambang,8
Nov,2022,Bayambang,10
Dec,2022,Bayambang,6
Jan,2023,Bayambang,5
Feb,2023,Bayambang,9
Mar,2023,Bayambang,3
Apr,2023,Bayambang,6
May,2023,Bayambang,2
Jun,2023,Bayambang,11
Jul,2023,Bayambang,46
Aug,2023,Bayambang,84
Sep,2023,Bayambang,64
Oct,2023,Bayambang,58
Nov,2023,Bayambang,28
Dec,2023,Bayambang,11
Jan,2024,Bayambang,3
Feb,2024,Bayambang,5
Mar,2024,Bayambang,1
Apr,2024,Bayambang,1
May,2024,Bayambang,1
Jun,2024,Bayambang,21
Jul,2024,Bayambang,217
Aug,2024,Bayambang,401
Sep,2024,Bayambang,27
Oct,2024,Bayambang,8
Jan,2019,Binalonan,19
Feb,2019,Binalonan,10
Mar,2019,Binalonan,3
Apr,2019,Binalonan,1
May,2019,Binalonan,2
Jun,2019,Binalonan,4
Jul,2019,Binalonan,13
Aug,2019,Binalonan,23
Sep,2019,Binalonan,33
Oct,2019,Binalonan,22
Nov,2019,Binalonan,22
Dec,2019,Binalonan,13
Jan,2020,Binalonan,12
Feb,2020,Binalonan,7
Mar,2020,Binalonan,2
Apr,2020,Binalonan,0
May,2020,Binalonan,0
Jun,2020,Binalonan,2
Jul,2020,Binalonan,1
Aug,2020,Binalonan,2
Sep,2020,Binalonan,2
Oct,2020,Binalonan,5
Nov,2020,Binalonan,22
Dec,2020,Binalonan,18
Jan,2021,Binalonan,8
Feb,2021,Binalonan,7
Mar,2021,Binalonan,3
Apr,2021,Binalonan,5
May,2021,Binalonan,7
Jun,2021,Binalonan,9
Jul,2021,Binalonan,22
Aug,2021,Binalonan,22
Sep,2021,Binalonan,5
Oct,2021,Binalonan,2
Nov,2021,Binalonan,2
Dec,2021,Binalonan,1
Jan,2022,Binalonan,2
Feb,2022,Binalonan,0
Mar,2022,Binalonan,0
Apr,2022,Binalonan,1
May,2022,Binalonan,0
Jun,2022,Binalonan,2
Jul,2022,Binalonan,11
Aug,2022,Binalonan,19
Sep,2022,Binalonan,10
Oct,2022,Binalonan,4
Nov,2022,Binalonan,2
Dec,2022,Binalonan,1
Jan,2023,Binalonan,2
Feb,2023,Binalonan,2
Mar,2023,Binalonan,0
Apr,2023,Binalonan,1
May,2023,Binalonan,1
Jun,2023,Binalonan,4
Jul,2023,Binalonan,4
Aug,2023,Binalonan,4
Sep,2023,Binalonan,1
Oct,2023,Binalonan,5
Nov,2023,Binalonan,2
Dec,2023,Binalonan,0
Jan,2024,Binalonan,0
Feb,2024,Binalonan,0
Mar,2024,Binalonan,1
Apr,2024,Binalonan,0
May,2024,Binalonan,1
Jun,2024,Binalonan,0
Jul,2024,Binalonan,17
Aug,2024,Binalonan,26
Sep,2024,Binalonan,30
Oct,2024,Binalonan,7
Jan,2019,Binmaley,17
Feb,2019,Binmaley,12
Mar,2019,Binmaley,4
Apr,2019,Binmaley,1
May,2019,Binmaley,1
Jun,2019,Binmaley,5
Jul,2019,Binmaley,14
Aug,2019,Binmaley,54
Sep,2019,Binmaley,90
Oct,2019,Binmaley,125
Nov,2019,Binmaley,82
Dec,2019,Binmaley,66
Jan,2020,Binmaley,32
Feb,2020,Binmaley,17
Mar,2020,Binmaley,4
Apr,2020,Binmaley,2
May,2020,Binmaley,1
Jun,2020,Binmaley,5
Jul,2020,Binmaley,12
Aug,2020,Binmaley,24
Sep,2020,Binmaley,32
Oct,2020,Binmaley,31
Nov,2020,Binmaley,70
Dec,2020,Binmaley,48
Jan,2021,Binmaley,39
Feb,2021,Binmaley,11
Mar,2021,Binmaley,9
Apr,2021,Binmaley,4
May,2021,Binmaley,4
Jun,2021,Binmaley,4
Jul,2021,Binmaley,4
Aug,2021,Binmaley,18
Sep,2021,Binmaley,17
Oct,2021,Binmaley,19
Nov,2021,Binmaley,14
Dec,2021,Binmaley,5
Jan,2022,Binmaley,5
Feb,2022,Binmaley,3
Mar,2022,Binmaley,1
Apr,2022,Binmaley,4
May,2022,Binmaley,2
Jun,2022,Binmaley,11
Jul,2022,Binmaley,25
Aug,2022,Binmaley,18
Sep,2022,Binmaley,20
Oct,2022,Binmaley,13
Nov,2022,Binmaley,6
Dec,2022,Binmaley,14
Jan,2023,Binmaley,9
Feb,2023,Binmaley,5
Mar,2023,Binmaley,7
Apr,2023,Binmaley,2
May,2023,Binmaley,6
Jun,2023,Binmaley,3
Jul,2023,Binmaley,3
Aug,2023,Binmaley,11
Sep,2023,Binmaley,21
Oct,2023,Binmaley,33
Nov,2023,Binmaley,43
Dec,2023,Binmaley,30
Jan,2024,Binmaley,21
Feb,2024,Binmaley,5
Mar,2024,Binmaley,3
Apr,2024,Binmaley,3
May,2024,Binmaley,6
Jun,2024,Binmaley,9
Jul,2024,Binmaley,26
Aug,2024,Binmaley,79
Sep,2024,Binmaley,82
Oct,2024,Binmaley,32
Jan,2019,Bolinao,8
Feb,2019,Bolinao,10
Mar,2019,Bolinao,2
Apr,2019,Bolinao,1
May,2019,Bolinao,4
Jun,2019,Bolinao,6
Jul,2019,Bolinao,36
Aug,2019,Bolinao,68
Sep,2019,Bolinao,17
Oct,2019,Bolinao,14
Nov,2019,Bolinao,4
Dec,2019,Bolinao,1
Jan,2020,Bolinao,0
Feb,2020,Bolinao,3
Mar,2020,Bolinao,0
Apr,2020,Bolinao,3
May,2020,Bolinao,5
Jun,2020,Bolinao,3
Jul,2020,Bolinao,2
Aug,2020,Bolinao,1
Sep,2020,Bolinao,1
Oct,2020,Bolinao,2
Nov,2020,Bolinao,3
Dec,2020,Bolinao,3
Jan,2021,Bolinao,4
Feb,2021,Bolinao,1
Mar,2021,Bolinao,10
Apr,2021,Bolinao,4
May,2021,Bolinao,5
Jun,2021,Bolinao,18
Jul,2021,Bolinao,80
Aug,2021,Bolinao,75
Sep,2021,Bolinao,15
Oct,2021,Bolinao,4
Nov,2021,Bolinao,0
Dec,2021,Bolinao,0
Jan,2022,Bolinao,0
Feb,2022,Bolinao,0
Mar,2022,Bolinao,0
Apr,2022,Bolinao,1
May,2022,Bolinao,0
Jun,2022,Bolinao,1
Jul,2022,Bolinao,4
Aug,2022,Bolinao,3
Sep,2022,Bolinao,1
Oct,2022,Bolinao,2
Nov,2022,Bolinao,3
Dec,2022,Bolinao,0
Jan,2023,Bolinao,1
Feb,2023,Bolinao,0
Mar,2023,Bolinao,1
Apr,2023,Bolinao,0
May,2023,Bolinao,0
Jun,2023,Bolinao,0
Jul,2023,Bolinao,0
Aug,2023,Bolinao,4
Sep,2023,Bolinao,3
Oct,2023,Bolinao,3
Nov,2023,Bolinao,4
Dec,2023,Bolinao,0
Jan,2024,Bolinao,1
Feb,2024,Bolinao,5
Mar,2024,Bolinao,0
Apr,2024,Bolinao,1
May,2024,Bolinao,4
Jun,2024,Bolinao,7
Jul,2024,Bolinao,59
Aug,2024,Bolinao,38
Sep,2024,Bolinao,5
Oct,2024,Bolinao,4
Jan,2019,Bugallon,6
Feb,2019,Bugallon,6
Mar,2019,Bugallon,9
Apr,2019,Bugallon,0
May,2019,Bugallon,3
Jun,2019,Bugallon,7
Jul,2019,Bugallon,83
Aug,2019,Bugallon,90
Sep,2019,Bugallon,73
Oct,2019,Bugallon,48
Nov,2019,Bugallon,14
Dec,2019,Bugallon,2
Jan,2020,Bugallon,11
Feb,2020,Bugallon,12
Mar,2020,Bugallon,7
Apr,2020,Bugallon,3
May,2020,Bugallon,6
Jun,2020,Bugallon,65
Jul,2020,Bugallon,89
Aug,2020,Bugallon,40
Sep,2020,Bugallon,21
Oct,2020,Bugallon,6
Nov,2020,Bugallon,10
Dec,2020,Bugallon,4
Jan,2021,Bugallon,7
Feb,2021,Bugallon,1
Mar,2021,Bugallon,2
Apr,2021,Bugallon,1
May,2021,Bugallon,2
Jun,2021,Bugallon,7
Jul,2021,Bugallon,18
Aug,2021,Bugallon,7
Sep,2021,Bugallon,5
Oct,2021,Bugallon,1
Nov,2021,Bugallon,1
Dec,2021,Bugallon,2
Jan,2022,Bugallon,0
Feb,2022,Bugallon,3
Mar,2022,Bugallon,0
Apr,2022,Bugallon,1
May,2022,Bugallon,3
Jun,2022,Bugallon,9
Jul,2022,Bugallon,21
Aug,2022,Bugallon,17
Sep,2022,Bugallon,12
Oct,2022,Bugallon,4
Nov,2022,Bugallon,2
Dec,2022,Bugallon,0
Jan,2023,Bugallon,2
Feb,2023,Bugallon,2
Mar,2023,Bugallon,3
Apr,2023,Bugallon,4
May,2023,Bugallon,6
Jun,2023,Bugallon,6
Jul,2023,Bugallon,76
Aug,2023,Bugallon,60
Sep,2023,Bugallon,50
Oct,2023,Bugallon,51
Nov,2023,Bugallon,30
Dec,2023,Bugallon,21
Jan,2024,Bugallon,13
Feb,2024,Bugallon,11
Mar,2024,Bugallon,4
Apr,2024,Bugallon,4
May,2024,Bugallon,3
Jun,2024,Bugallon,18
Jul,2024,Bugallon,78
Aug,2024,Bugallon,136
Sep,2024,Bugallon,88
Oct,2024,Bugallon,11
Jan,2019,Burgos,1
Feb,2019,Burgos,0
Mar,2019,Burgos,0
Apr,2019,Burgos,0
May,2019,Burgos,0
Jun,2019,Burgos,2
Jul,2019,Burgos,14
Aug,2019,Burgos,26
Sep,2019,Burgos,22
Oct,2019,Burgos,11
Nov,2019,Burgos,12
Dec,2019,Burgos,4
Jan,2020,Burgos,11
Feb,2020,Burgos,3
Mar,2020,Burgos,4
Apr,2020,Burgos,3
May,2020,Burgos,1
Jun,2020,Burgos,3
Jul,2020,Burgos,7
Aug,2020,Burgos,22
Sep,2020,Burgos,3
Oct,2020,Burgos,0
Nov,2020,Burgos,6
Dec,2020,Burgos,0
Jan,2021,Burgos,0
Feb,2021,Burgos,0
Mar,2021,Burgos,2
Apr,2021,Burgos,0
May,2021,Burgos,2
Jun,2021,Burgos,6
Jul,2021,Burgos,7
Aug,2021,Burgos,15
Sep,2021,Burgos,2
Oct,2021,Burgos,1
Nov,2021,Burgos,1
Dec,2021,Burgos,0
Jan,2022,Burgos,0
Feb,2022,Burgos,0
Mar,2022,Burgos,0
Apr,2022,Burgos,0
May,2022,Burgos,1
Jun,2022,Burgos,8
Jul,2022,Burgos,11
Aug,2022,Burgos,6
Sep,2022,Burgos,0
Oct,2022,Burgos,1
Nov,2022,Burgos,3
Dec,2022,Burgos,0
Jan,2023,Burgos,0
Feb,2023,Burgos,0
Mar,2023,Burgos,0
Apr,2023,Burgos,0
May,2023,Burgos,0
Jun,2023,Burgos,0
Jul,2023,Burgos,2
Aug,2023,Burgos,4
Sep,2023,Burgos,2
Oct,2023,Burgos,2
Nov,2023,Burgos,0
Dec,2023,Burgos,0
Jan,2024,Burgos,0
Feb,2024,Burgos,0
Mar,2024,Burgos,0
Apr,2024,Burgos,0
May,2024,Burgos,0
Jun,2024,Burgos,0
Jul,2024,Burgos,9
Aug,2024,Burgos,11
Sep,2024,Burgos,6
Oct,2024,Burgos,0
Jan,2019,Calasiao,23
Feb,2019,Calasiao,7
Mar,2019,Calasiao,6
Apr,2019,Calasiao,3
May,2019,Calasiao,2
Jun,2019,Calasiao,13
Jul,2019,Calasiao,39
Aug,2019,Calasiao,95
Sep,2019,Calasiao,93
Oct,2019,Calasiao,84
Nov,2019,Calasiao,36
Dec,2019,Calasiao,24
Jan,2020,Calasiao,25
Feb,2020,Calasiao,20
Mar,2020,Calasiao,7
Apr,2020,Calasiao,2
May,2020,Calasiao,3
Jun,2020,Calasiao,5
Jul,2020,Calasiao,26
Aug,2020,Calasiao,45
Sep,2020,Calasiao,45
Oct,2020,Calasiao,56
Nov,2020,Calasiao,83
Dec,2020,Calasiao,31
Jan,2021,Calasiao,31
Feb,2021,Calasiao,11
Mar,2021,Calasiao,8
Apr,2021,Calasiao,3
May,2021,Calasiao,3
Jun,2021,Calasiao,3
Jul,2021,Calasiao,18
Aug,2021,Calasiao,33
Sep,2021,Calasiao,21
Oct,2021,Calasiao,12
Nov,2021,Calasiao,8
Dec,2021,Calasiao,7
Jan,2022,Calasiao,6
Feb,2022,Calasiao,3
Mar,2022,Calasiao,6
Apr,2022,Calasiao,5
May,2022,Calasiao,8
Jun,2022,Calasiao,18
Jul,2022,Calasiao,18
Aug,2022,Calasiao,24
Sep,2022,Calasiao,12
Oct,2022,Calasiao,5
Nov,2022,Calasiao,6
Dec,2022,Calasiao,0
Jan,2023,Calasiao,5
Feb,2023,Calasiao,10
Mar,2023,Calasiao,8
Apr,2023,Calasiao,10
May,2023,Calasiao,5
Jun,2023,Calasiao,8
Jul,2023,Calasiao,7
Aug,2023,Calasiao,22
Sep,2023,Calasiao,30
Oct,2023,Calasiao,23
Nov,2023,Calasiao,21
Dec,2023,Calasiao,9
Jan,2024,Calasiao,9
Feb,2024,Calasiao,8
Mar,2024,Calasiao,4
Apr,2024,Calasiao,3
May,2024,Calasiao,2
Jun,2024,Calasiao,5
Jul,2024,Calasiao,29
Aug,2024,Calasiao,97
Sep,2024,Calasiao,69
Oct,2024,Calasiao,37
Jan,2019,Dagupan City,29
Feb,2019,Dagupan City,16
Mar,2019,Dagupan City,6
Apr,2019,Dagupan City,6
May,2019,Dagupan City,6
Jun,2019,Dagupan City,12
Jul,2019,Dagupan City,46
Aug,2019,Dagupan City,65
Sep,2019,Dagupan City,117
Oct,2019,Dagupan City,125
Nov,2019,Dagupan City,74
Dec,2019,Dagupan City,51
Jan,2020,Dagupan City,37
Feb,2020,Dagupan City,23
Mar,2020,Dagupan City,21
Apr,2020,Dagupan City,2
May,2020,Dagupan City,1
Jun,2020,Dagupan City,5
Jul,2020,Dagupan City,15
Aug,2020,Dagupan City,37
Sep,2020,Dagupan City,56
Oct,2020,Dagupan City,39
Nov,2020,Dagupan City,39
Dec,2020,Dagupan City,18
Jan,2021,Dagupan City,21
Feb,2021,Dagupan City,13
Mar,2021,Dagupan City,10
Apr,2021,Dagupan City,7
May,2021,Dagupan City,2
Jun,2021,Dagupan City,6
Jul,2021,Dagupan City,8
Aug,2021,Dagupan City,39
Sep,2021,Dagupan City,17
Oct,2021,Dagupan City,11
Nov,2021,Dagupan City,7
Dec,2021,Dagupan City,2
Jan,2022,Dagupan City,4
Feb,2022,Dagupan City,5
Mar,2022,Dagupan City,2
Apr,2022,Dagupan City,10
May,2022,Dagupan City,8
Jun,2022,Dagupan City,13
Jul,2022,Dagupan City,23
Aug,2022,Dagupan City,39
Sep,2022,Dagupan City,28
Oct,2022,Dagupan City,20
Nov,2022,Dagupan City,18
Dec,2022,Dagupan City,17
Jan,2023,Dagupan City,8
Feb,2023,Dagupan City,9
Mar,2023,Dagupan City,9
Apr,2023,Dagupan City,10
May,2023,Dagupan City,5
Jun,2023,Dagupan City,4
Jul,2023,Dagupan City,13
Aug,2023,Dagupan City,25
Sep,2023,Dagupan City,44
Oct,2023,Dagupan City,37
Nov,2023,Dagupan City,26
Dec,2023,Dagupan City,11
Jan,2024,Dagupan City,15
Feb,2024,Dagupan City,11
Mar,2024,Dagupan City,7
Apr,2024,Dagupan City,1
May,2024,Dagupan City,0
Jun,2024,Dagupan City,8
Jul,2024,Dagupan City,30
Aug,2024,Dagupan City,77
Sep,2024,Dagupan City,23
Oct,2024,Dagupan City,3
Jan,2019,Dasol,3
Feb,2019,Dasol,0
Mar,2019,Dasol,1
Apr,2019,Dasol,2
May,2019,Dasol,1
Jun,2019,Dasol,6
Jul,2019,Dasol,22
Aug,2019,Dasol,13
Sep,2019,Dasol,27
Oct,2019,Dasol,7
Nov,2019,Dasol,11
Dec,2019,Dasol,2
Jan,2020,Dasol,7
Feb,2020,Dasol,2
Mar,2020,Dasol,2
Apr,2020,Dasol,3
May,2020,Dasol,9
Jun,2020,Dasol,21
Jul,2020,Dasol,28
Aug,2020,Dasol,18
Sep,2020,Dasol,3
Oct,2020,Dasol,1
Nov,2020,Dasol,4
Dec,2020,Dasol,1
Jan,2021,Dasol,1
Feb,2021,Dasol,0
Mar,2021,Dasol,1
Apr,2021,Dasol,2
May,2021,Dasol,3
Jun,2021,Dasol,1
Jul,2021,Dasol,3
Aug,2021,Dasol,19
Sep,2021,Dasol,8
Oct,2021,Dasol,2
Nov,2021,Dasol,0
Dec,2021,Dasol,0
Jan,2022,Dasol,1
Feb,2022,Dasol,0
Mar,2022,Dasol,0
Apr,2022,Dasol,0
May,2022,Dasol,10
Jun,2022,Dasol,17
Jul,2022,Dasol,19
Aug,2022,Dasol,9
Sep,2022,Dasol,2
Oct,2022,Dasol,2
Nov,2022,Dasol,2
Dec,2022,Dasol,1
Jan,2023,Dasol,2
Feb,2023,Dasol,1
Mar,2023,Dasol,2
Apr,2023,Dasol,0
May,2023,Dasol,1
Jun,2023,Dasol,0
Jul,2023,Dasol,0
Aug,2023,Dasol,8
Sep,2023,Dasol,3
Oct,2023,Dasol,4
Nov,2023,Dasol,5
Dec,2023,Dasol,1
Jan,2024,Dasol,1
Feb,2024,Dasol,0
Mar,2024,Dasol,0
Apr,2024,Dasol,0
May,2024,Dasol,0
Jun,2024,Dasol,0
Jul,2024,Dasol,5
Aug,2024,Dasol,15
Sep,2024,Dasol,2
Oct,2024,Dasol,0
Jan,2019,Infanta,0
Feb,2019,Infanta,1
Mar,2019,Infanta,0
Apr,2019,Infanta,0
May,2019,Infanta,1
Jun,2019,Infanta,10
Jul,2019,Infanta,21
Aug,2019,Infanta,8
Sep,2019,Infanta,4
Oct,2019,Infanta,1
Nov,2019,Infanta,3
Dec,2019,Infanta,0
Jan,2020,Infanta,0
Feb,2020,Infanta,2
Mar,2020,Infanta,1
Apr,2020,Infanta,0
May,2020,Infanta,0
Jun,2020,Infanta,1
Jul,2020,Infanta,0
Aug,2020,Infanta,2
Sep,2020,Infanta,0
Oct,2020,Infanta,0
Nov,2020,Infanta,1
Dec,2020,Infanta,0
Jan,2021,Infanta,1
Feb,2021,Infanta,0
Mar,2021,Infanta,0
Apr,2021,Infanta,0
May,2021,Infanta,3
Jun,2021,Infanta,4
Jul,2021,Infanta,6
Aug,2021,Infanta,6
Sep,2021,Infanta,5
Oct,2021,Infanta,10
Nov,2021,Infanta,0
Dec,2021,Infanta,0
Jan,2022,Infanta,0
Feb,2022,Infanta,0
Mar,2022,Infanta,0
Apr,2022,Infanta,0
May,2022,Infanta,0
Jun,2022,Infanta,1
Jul,2022,Infanta,1
Aug,2022,Infanta,5
Sep,2022,Infanta,2
Oct,2022,Infanta,0
Nov,2022,Infanta,0
Dec,2022,Infanta,0
Jan,2023,Infanta,2
Feb,2023,Infanta,1
Mar,2023,Infanta,0
Apr,2023,Infanta,0
May,2023,Infanta,0
Jun,2023,Infanta,0
Jul,2023,Infanta,2
Aug,2023,Infanta,17
Sep,2023,Infanta,5
Oct,2023,Infanta,2
Nov,2023,Infanta,4
Dec,2023,Infanta,1
Jan,2024,Infanta,0
Feb,2024,Infanta,0
Mar,2024,Infanta,0
Apr,2024,Infanta,0
May,2024,Infanta,0
Jun,2024,Infanta,1
Jul,2024,Infanta,7
Aug,2024,Infanta,12
Sep,2024,Infanta,6
Oct,2024,Infanta,0
Jan,2019,Labrador,2
Feb,2019,Labrador,0
Mar,2019,Labrador,0
Apr,2019,Labrador,0
May,2019,Labrador,0
Jun,2019,Labrador,4
Jul,2019,Labrador,7
Aug,2019,Labrador,15
Sep,2019,Labrador,5
Oct,2019,Labrador,13
Nov,2019,Labrador,4
Dec,2019,Labrador,1
Jan,2020,Labrador,1
Feb,2020,Labrador,5
Mar,2020,Labrador,1
Apr,2020,Labrador,0
May,2020,Labrador,0
Jun,2020,Labrador,0
Jul,2020,Labrador,3
Aug,2020,Labrador,2
Sep,2020,Labrador,4
Oct,2020,Labrador,1
Nov,2020,Labrador,2
Dec,2020,Labrador,4
Jan,2021,Labrador,2
Feb,2021,Labrador,3
Mar,2021,Labrador,4
Apr,2021,Labrador,1
May,2021,Labrador,2
Jun,2021,Labrador,6
Jul,2021,Labrador,1
Aug,2021,Labrador,5
Sep,2021,Labrador,1
Oct,2021,Labrador,0
Nov,2021,Labrador,0
Dec,2021,Labrador,4
Jan,2022,Labrador,0
Feb,2022,Labrador,0
Mar,2022,Labrador,0
Apr,2022,Labrador,1
May,2022,Labrador,4
Jun,2022,Labrador,4
Jul,2022,Labrador,16
Aug,2022,Labrador,8
Sep,2022,Labrador,5
Oct,2022,Labrador,1
Nov,2022,Labrador,0
Dec,2022,Labrador,2
Jan,2023,Labrador,0
Feb,2023,Labrador,1
Mar,2023,Labrador,1
Apr,2023,Labrador,1
May,2023,Labrador,2
Jun,2023,Labrador,0
Jul,2023,Labrador,2
Aug,2023,Labrador,3
Sep,2023,Labrador,8
Oct,2023,Labrador,10
Nov,2023,Labrador,8
Dec,2023,Labrador,3
Jan,2024,Labrador,10
Feb,2024,Labrador,16
Mar,2024,Labrador,4
Apr,2024,Labrador,2
May,2024,Labrador,1
Jun,2024,Labrador,5
Jul,2024,Labrador,25
Aug,2024,Labrador,45
Sep,2024,Labrador,24
Oct,2024,Labrador,2
Jan,2019,Laoac,4
Feb,2019,Laoac,6
Mar,2019,Laoac,1
Apr,2019,Laoac,1
May,2019,Laoac,0
Jun,2019,Laoac,1
Jul,2019,Laoac,1
Aug,2019,Laoac,15
Sep,2019,Laoac,17
Oct,2019,Laoac,13
Nov,2019,Laoac,12
Dec,2019,Laoac,4
Jan,2020,Laoac,3
Feb,2020,Laoac,1
Mar,2020,Laoac,1
Apr,2020,Laoac,0
May,2020,Laoac,0
Jun,2020,Laoac,1
Jul,2020,Laoac,4
Aug,2020,Laoac,6
Sep,2020,Laoac,5
Oct,2020,Laoac,3
Nov,2020,Laoac,9
Dec,2020,Laoac,15
Jan,2021,Laoac,4
Feb,2021,Laoac,4
Mar,2021,Laoac,3
Apr,2021,Laoac,1
May,2021,Laoac,0
Jun,2021,Laoac,3
Jul,2021,Laoac,8
Aug,2021,Laoac,8
Sep,2021,Laoac,4
Oct,2021,Laoac,3
Nov,2021,Laoac,2
Dec,2021,Laoac,1
Jan,2022,Laoac,1
Feb,2022,Laoac,0
Mar,2022,Laoac,0
Apr,2022,Laoac,2
May,2022,Laoac,6
Jun,2022,Laoac,4
Jul,2022,Laoac,23
Aug,2022,Laoac,11
Sep,2022,Laoac,2
Oct,2022,Laoac,2
Nov,2022,Laoac,3
Dec,2022,Laoac,0
Jan,2023,Laoac,1
Feb,2023,Laoac,0
Mar,2023,Laoac,0
Apr,2023,Laoac,0
May,2023,Laoac,0
Jun,2023,Laoac,2
Jul,2023,Laoac,2
Aug,2023,Laoac,1
Sep,2023,Laoac,0
Oct,2023,Laoac,1
Nov,2023,Laoac,3
Dec,2023,Laoac,5
Jan,2024,Laoac,0
Feb,2024,Laoac,0
Mar,2024,Laoac,0
Apr,2024,Laoac,0
May,2024,Laoac,0
Jun,2024,Laoac,0
Jul,2024,Laoac,7
Aug,2024,Laoac,13
Sep,2024,Laoac,11
Oct,2024,Laoac,9
Jan,2019,Lingayen,25
Feb,2019,Lingayen,23
Mar,2019,Lingayen,11
Apr,2019,Lingayen,0
May,2019,Lingayen,1
Jun,2019,Lingayen,7
Jul,2019,Lingayen,61
Aug,2019,Lingayen,110
Sep,2019,Lingayen,117
Oct,2019,Lingayen,90
Nov,2019,Lingayen,57
Dec,2019,Lingayen,34
Jan,2020,Lingayen,13
Feb,2020,Lingayen,15
Mar,2020,Lingayen,6
Apr,2020,Lingayen,0
May,2020,Lingayen,1
Jun,2020,Lingayen,8
Jul,2020,Lingayen,24
Aug,2020,Lingayen,38
Sep,2020,Lingayen,42
Oct,2020,Lingayen,42
Nov,2020,Lingayen,47
Dec,2020,Lingayen,39
Jan,2021,Lingayen,20
Feb,2021,Lingayen,15
Mar,2021,Lingayen,13
Apr,2021,Lingayen,9
May,2021,Lingayen,2
Jun,2021,Lingayen,13
Jul,2021,Lingayen,25
Aug,2021,Lingayen,20
Sep,2021,Lingayen,19
Oct,2021,Lingayen,10
Nov,2021,Lingayen,10
Dec,2021,Lingayen,5
Jan,2022,Lingayen,3
Feb,2022,Lingayen,2
Mar,2022,Lingayen,2
Apr,2022,Lingayen,1
May,2022,Lingayen,11
Jun,2022,Lingayen,20
Jul,2022,Lingayen,27
Aug,2022,Lingayen,28
Sep,2022,Lingayen,27
Oct,2022,Lingayen,12
Nov,2022,Lingayen,6
Dec,2022,Lingayen,3
Jan,2023,Lingayen,3
Feb,2023,Lingayen,1
Mar,2023,Lingayen,2
Apr,2023,Lingayen,2
May,2023,Lingayen,5
Jun,2023,Lingayen,9
Jul,2023,Lingayen,6
Aug,2023,Lingayen,25
Sep,2023,Lingayen,75
Oct,2023,Lingayen,84
Nov,2023,Lingayen,77
Dec,2023,Lingayen,41
Jan,2024,Lingayen,30
Feb,2024,Lingayen,39
Mar,2024,Lingayen,27
Apr,2024,Lingayen,21
May,2024,Lingayen,10
Jun,2024,Lingayen,26
Jul,2024,Lingayen,117
Aug,2024,Lingayen,244
Sep,2024,Lingayen,184
Oct,2024,Lingayen,57
Jan,2019,Mabini,0
Feb,2019,Mabini,0
Mar,2019,Mabini,0
Apr,2019,Mabini,0
May,2019,Mabini,0
Jun,2019,Mabini,2
Jul,2019,Mabini,10
Aug,2019,Mabini,6
Sep,2019,Mabini,11
Oct,2019,Mabini,6
Nov,2019,Mabini,2
Dec,2019,Mabini,2
Jan,2020,Mabini,0
Feb,2020,Mabini,0
Mar,2020,Mabini,0
Apr,2020,Mabini,0
May,2020,Mabini,3
Jun,2020,Mabini,2
Jul,2020,Mabini,2
Aug,2020,Mabini,1
Sep,2020,Mabini,0
Oct,2020,Mabini,1
Nov,2020,Mabini,1
Dec,2020,Mabini,0
Jan,2021,Mabini,0
Feb,2021,Mabini,0
Mar,2021,Mabini,0
Apr,2021,Mabini,0
May,2021,Mabini,1
Jun,2021,Mabini,2
Jul,2021,Mabini,1
Aug,2021,Mabini,0
Sep,2021,Mabini,1
Oct,2021,Mabini,0
Nov,2021,Mabini,0
Dec,2021,Mabini,0
Jan,2022,Mabini,0
Feb,2022,Mabini,0
Mar,2022,Mabini,0
Apr,2022,Mabini,1
May,2022,Mabini,2
Jun,2022,Mabini,2
Jul,2022,Mabini,5
Aug,2022,Mabini,5
Sep,2022,Mabini,3
Oct,2022,Mabini,0
Nov,2022,Mabini,1
Dec,2022,Mabini,0
Jan,2023,Mabini,0
Feb,2023,Mabini,0
Mar,2023,Mabini,2
Apr,2023,Mabini,0
May,2023,Mabini,0
Jun,2023,Mabini,0
Jul,2023,Mabini,4
Aug,2023,Mabini,3
Sep,2023,Mabini,0
Oct,2023,Mabini,2
Nov,2023,Mabini,1
Dec,2023,Mabini,1
Jan,2024,Mabini,0
Feb,2024,Mabini,0
Mar,2024,Mabini,0
Apr,2024,Mabini,0
May,2024,Mabini,0
Jun,2024,Mabini,0
Jul,2024,Mabini,0
Aug,2024,Mabini,7
Sep,2024,Mabini,5
Oct,2024,Mabini,0
Jan,2019,Malasiqui,24
Feb,2019,Malasiqui,27
Mar,2019,Malasiqui,5
Apr,2019,Malasiqui,3
May,2019,Malasiqui,2
Jun,2019,Malasiqui,6
Jul,2019,Malasiqui,32
Aug,2019,Malasiqui,136
Sep,2019,Malasiqui,141
Oct,2019,Malasiqui,108
Nov,2019,Malasiqui,54
Dec,2019,Malasiqui,19
Jan,2020,Malasiqui,25
Feb,2020,Malasiqui,16
Mar,2020,Malasiqui,9
Apr,2020,Malasiqui,0
May,2020,Malasiqui,7
Jun,2020,Malasiqui,10
Jul,2020,Malasiqui,20
Aug,2020,Malasiqui,55
Sep,2020,Malasiqui,72
Oct,2020,Malasiqui,79
Nov,2020,Malasiqui,60
Dec,2020,Malasiqui,29
Jan,2021,Malasiqui,23
Feb,2021,Malasiqui,11
Mar,2021,Malasiqui,2
Apr,2021,Malasiqui,4
May,2021,Malasiqui,3
Jun,2021,Malasiqui,7
Jul,2021,Malasiqui,13
Aug,2021,Malasiqui,39
Sep,2021,Malasiqui,10
Oct,2021,Malasiqui,4
Nov,2021,Malasiqui,6
Dec,2021,Malasiqui,5
Jan,2022,Malasiqui,2
Feb,2022,Malasiqui,2
Mar,2022,Malasiqui,1
Apr,2022,Malasiqui,4
May,2022,Malasiqui,6
Jun,2022,Malasiqui,39
Jul,2022,Malasiqui,54
Aug,2022,Malasiqui,24
Sep,2022,Malasiqui,16
Oct,2022,Malasiqui,9
Nov,2022,Malasiqui,3
Dec,2022,Malasiqui,2
Jan,2023,Malasiqui,4
Feb,2023,Malasiqui,5
Mar,2023,Malasiqui,4
Apr,2023,Malasiqui,6
May,2023,Malasiqui,9
Jun,2023,Malasiqui,9
Jul,2023,Malasiqui,12
Aug,2023,Malasiqui,14
Sep,2023,Malasiqui,22
Oct,2023,Malasiqui,37
Nov,2023,Malasiqui,15
Dec,2023,Malasiqui,7
Jan,2024,Malasiqui,8
Feb,2024,Malasiqui,3
Mar,2024,Malasiqui,6
Apr,2024,Malasiqui,3
May,2024,Malasiqui,0
Jun,2024,Malasiqui,3
Jul,2024,Malasiqui,31
Aug,2024,Malasiqui,105
Sep,2024,Malasiqui,75
Oct,2024,Malasiqui,31
Jan,2019,Manaoag,16
Feb,2019,Manaoag,3
Mar,2019,Manaoag,4
Apr,2019,Manaoag,2
May,2019,Manaoag,0
Jun,2019,Manaoag,5
Jul,2019,Manaoag,9
Aug,2019,Manaoag,33
Sep,2019,Manaoag,37
Oct,2019,Manaoag,41
Nov,2019,Manaoag,17
Dec,2019,Manaoag,9
Jan,2020,Manaoag,10
Feb,2020,Manaoag,5
Mar,2020,Manaoag,3
Apr,2020,Manaoag,0
May,2020,Manaoag,0
Jun,2020,Manaoag,10
Jul,2020,Manaoag,20
Aug,2020,Manaoag,40
Sep,2020,Manaoag,30
Oct,2020,Manaoag,9
Nov,2020,Manaoag,14
Dec,2020,Manaoag,3
Jan,2021,Manaoag,8
Feb,2021,Manaoag,2
Mar,2021,Manaoag,1
Apr,2021,Manaoag,0
May,2021,Manaoag,1
Jun,2021,Manaoag,7
Jul,2021,Manaoag,11
Aug,2021,Manaoag,8
Sep,2021,Manaoag,6
Oct,2021,Manaoag,6
Nov,2021,Manaoag,4
Dec,2021,Manaoag,1
Jan,2022,Manaoag,0
Feb,2022,Manaoag,0
Mar,2022,Manaoag,1
Apr,2022,Manaoag,0
May,2022,Manaoag,2
Jun,2022,Manaoag,2
Jul,2022,Manaoag,21
Aug,2022,Manaoag,30
Sep,2022,Manaoag,16
Oct,2022,Manaoag,10
Nov,2022,Manaoag,7
Dec,2022,Manaoag,3
Jan,2023,Manaoag,6
Feb,2023,Manaoag,3
Mar,2023,Manaoag,4
Apr,2023,Manaoag,1
May,2023,Manaoag,2
Jun,2023,Manaoag,6
Jul,2023,Manaoag,20
Aug,2023,Manaoag,8
Sep,2023,Manaoag,10
Oct,2023,Manaoag,8
Nov,2023,Manaoag,11
Dec,2023,Manaoag,9
Jan,2024,Manaoag,3
Feb,2024,Manaoag,1
Mar,2024,Manaoag,1
Apr,2024,Manaoag,1
May,2024,Manaoag,1
Jun,2024,Manaoag,0
Jul,2024,Manaoag,11
Aug,2024,Manaoag,32
Sep,2024,Manaoag,50
Oct,2024,Manaoag,19
Jan,2019,Mangaldan,17
Feb,2019,Mangaldan,7
Mar,2019,Mangaldan,0
Apr,2019,Mangaldan,3
May,2019,Mangaldan,4
Jun,2019,Mangaldan,15
Jul,2019,Mangaldan,50
Aug,2019,Mangaldan,63
Sep,2019,Mangaldan,52
Oct,2019,Mangaldan,52
Nov,2019,Mangaldan,39
Dec,2019,Mangaldan,20
Jan,2020,Mangaldan,17
Feb,2020,Mangaldan,11
Mar,2020,Mangaldan,7
Apr,2020,Mangaldan,0
May,2020,Mangaldan,0
Jun,2020,Mangaldan,2
Jul,2020,Mangaldan,4
Aug,2020,Mangaldan,12
Sep,2020,Mangaldan,14
Oct,2020,Mangaldan,17
Nov,2020,Mangaldan,30
Dec,2020,Mangaldan,24
Jan,2021,Mangaldan,13
Feb,2021,Mangaldan,7
Mar,2021,Mangaldan,3
Apr,2021,Mangaldan,2
May,2021,Mangaldan,5
Jun,2021,Mangaldan,8
Jul,2021,Mangaldan,19
Aug,2021,Mangaldan,23
Sep,2021,Mangaldan,11
Oct,2021,Mangaldan,7
Nov,2021,Mangaldan,5
Dec,2021,Mangaldan,1
Jan,2022,Mangaldan,1
Feb,2022,Mangaldan,0
Mar,2022,Mangaldan,0
Apr,2022,Mangaldan,0
May,2022,Mangaldan,1
Jun,2022,Mangaldan,5
Jul,2022,Mangaldan,18
Aug,2022,Mangaldan,17
Sep,2022,Mangaldan,9
Oct,2022,Mangaldan,14
Nov,2022,Mangaldan,8
Dec,2022,Mangaldan,1
Jan,2023,Mangaldan,2
Feb,2023,Mangaldan,1
Mar,2023,Mangaldan,4
Apr,2023,Mangaldan,3
May,2023,Mangaldan,2
Jun,2023,Mangaldan,9
Jul,2023,Mangaldan,9
Aug,2023,Mangaldan,12
Sep,2023,Mangaldan,8
Oct,2023,Mangaldan,22
Nov,2023,Mangaldan,19
Dec,2023,Mangaldan,15
Jan,2024,Mangaldan,2
Feb,2024,Mangaldan,7
Mar,2024,Mangaldan,0
Apr,2024,Mangaldan,1
May,2024,Mangaldan,0
Jun,2024,Mangaldan,3
Jul,2024,Mangaldan,14
Aug,2024,Mangaldan,27
Sep,2024,Mangaldan,16
Oct,2024,Mangaldan,3
Jan,2019,Mangatarem,0
Feb,2019,Mangatarem,0
Mar,2019,Mangatarem,0
Apr,2019,Mangatarem,0
May,2019,Mangatarem,1
Jun,2019,Mangatarem,2
Jul,2019,Mangatarem,9
Aug,2019,Mangatarem,17
Sep,2019,Mangatarem,31
Oct,2019,Mangatarem,15
Nov,2019,Mangatarem,9
Dec,2019,Mangatarem,17
Jan,2020,Mangatarem,8
Feb,2020,Mangatarem,1
Mar,2020,Mangatarem,4
Apr,2020,Mangatarem,1
May,2020,Mangatarem,0
Jun,2020,Mangatarem,10
Jul,2020,Mangatarem,10
Aug,2020,Mangatarem,14
Sep,2020,Mangatarem,11
Oct,2020,Mangatarem,3
Nov,2020,Mangatarem,4
Dec,2020,Mangatarem,3
Jan,2021,Mangatarem,0
Feb,2021,Mangatarem,0
Mar,2021,Mangatarem,2
Apr,2021,Mangatarem,1
May,2021,Mangatarem,2
Jun,2021,Mangatarem,3
Jul,2021,Mangatarem,14
Aug,2021,Mangatarem,9
Sep,2021,Mangatarem,2
Oct,2021,Mangatarem,2
Nov,2021,Mangatarem,1
Dec,2021,Mangatarem,0
Jan,2022,Mangatarem,0
Feb,2022,Mangatarem,1
Mar,2022,Mangatarem,0
Apr,2022,Mangatarem,1
May,2022,Mangatarem,0
Jun,2022,Mangatarem,1
Jul,2022,Mangatarem,3
Aug,2022,Mangatarem,8
Sep,2022,Mangatarem,1
Oct,2022,Mangatarem,2
Nov,2022,Mangatarem,1
Dec,2022,Mangatarem,0
Jan,2023,Mangatarem,0
Feb,2023,Mangatarem,0
Mar,2023,Mangatarem,0
Apr,2023,Mangatarem,0
May,2023,Mangatarem,1
Jun,2023,Mangatarem,0
Jul,2023,Mangatarem,0
Aug,2023,Mangatarem,4
Sep,2023,Mangatarem,7
Oct,2023,Mangatarem,6
Nov,2023,Mangatarem,12
Dec,2023,Mangatarem,3
Jan,2024,Mangatarem,5
Feb,2024,Mangatarem,18
Mar,2024,Mangatarem,6
Apr,2024,Mangatarem,6
May,2024,Mangatarem,5
Jun,2024,Mangatarem,7
Jul,2024,Mangatarem,15
Aug,2024,Mangatarem,88
Sep,2024,Mangatarem,79
Oct,2024,Mangatarem,22
Jan,2019,Mapandan,11
Feb,2019,Mapandan,0
Mar,2019,Mapandan,6
Apr,2019,Mapandan,1
May,2019,Mapandan,0
Jun,2019,Mapandan,8
Jul,2019,Mapandan,17
Aug,2019,Mapandan,29
Sep,2019,Mapandan,27
Oct,2019,Mapandan,15
Nov,2019,Mapandan,16
Dec,2019,Mapandan,4
Jan,2020,Mapandan,6
Feb,2020,Mapandan,2
Mar,2020,Mapandan,1
Apr,2020,Mapandan,0
May,2020,Mapandan,0
Jun,2020,Mapandan,0
Jul,2020,Mapandan,1
Aug,2020,Mapandan,0
Sep,2020,Mapandan,4
Oct,2020,Mapandan,2
Nov,2020,Mapandan,4
Dec,2020,Mapandan,10
Jan,2021,Mapandan,12
Feb,2021,Mapandan,1
Mar,2021,Mapandan,5
Apr,2021,Mapandan,0
May,2021,Mapandan,2
Jun,2021,Mapandan,2
Jul,2021,Mapandan,7
Aug,2021,Mapandan,19
Sep,2021,Mapandan,8
Oct,2021,Mapandan,7
Nov,2021,Mapandan,3
Dec,2021,Mapandan,5
Jan,2022,Mapandan,0
Feb,2022,Mapandan,0
Mar,2022,Mapandan,4
Apr,2022,Mapandan,2
May,2022,Mapandan,1
Jun,2022,Mapandan,10
Jul,2022,Mapandan,26
Aug,2022,Mapandan,27
Sep,2022,Mapandan,9
Oct,2022,Mapandan,5
Nov,2022,Mapandan,5
Dec,2022,Mapandan,7
Jan,2023,Mapandan,3
Feb,2023,Mapandan,0
Mar,2023,Mapandan,1
Apr,2023,Mapandan,1
May,2023,Mapandan,0
Jun,2023,Mapandan,0
Jul,2023,Mapandan,1
Aug,2023,Mapandan,3
Sep,2023,Mapandan,7
Oct,2023,Mapandan,6
Nov,2023,Mapandan,10
Dec,2023,Mapandan,0
Jan,2024,Mapandan,2
Feb,2024,Mapandan,0
Mar,2024,Mapandan,1
Apr,2024,Mapandan,0
May,2024,Mapandan,0
Jun,2024,Mapandan,3
Jul,2024,Mapandan,10
Aug,2024,Mapandan,27
Sep,2024,Mapandan,14
Oct,2024,Mapandan,8
Jan,2019,Natividad,1
Feb,2019,Natividad,1
Mar,2019,Natividad,1
Apr,2019,Natividad,0
May,2019,Natividad,1
Jun,2019,Natividad,1
Jul,2019,Natividad,6
Aug,2019,Natividad,21
Sep,2019,Natividad,10
Oct,2019,Natividad,9
Nov,2019,Natividad,7
Dec,2019,Natividad,1
Jan,2020,Natividad,0
Feb,2020,Natividad,1
Mar,2020,Natividad,1
Apr,2020,Natividad,0
May,2020,Natividad,0
Jun,2020,Natividad,0
Jul,2020,Natividad,0
Aug,2020,Natividad,0
Sep,2020,Natividad,0
Oct,2020,Natividad,1
Nov,2020,Natividad,0
Dec,2020,Natividad,0
Jan,2021,Natividad,0
Feb,2021,Natividad,0
Mar,2021,Natividad,0
Apr,2021,Natividad,1
May,2021,Natividad,1
Jun,2021,Natividad,2
Jul,2021,Natividad,8
Aug,2021,Natividad,7
Sep,2021,Natividad,3
Oct,2021,Natividad,1
Nov,2021,Natividad,0
Dec,2021,Natividad,0
Jan,2022,Natividad,0
Feb,2022,Natividad,0
Mar,2022,Natividad,0
Apr,2022,Natividad,0
May,2022,Natividad,0
Jun,2022,Natividad,1
Jul,2022,Natividad,0
Aug,2022,Natividad,0
Sep,2022,Natividad,1
Oct,2022,Natividad,3
Nov,2022,Natividad,1
Dec,2022,Natividad,0
Jan,2023,Natividad,0
Feb,2023,Natividad,0
Mar,2023,Natividad,0
Apr,2023,Natividad,0
May,2023,Natividad,2
Jun,2023,Natividad,1
Jul,2023,Natividad,2
Aug,2023,Natividad,2
Sep,2023,Natividad,1
Oct,2023,Natividad,3
Nov,2023,Natividad,1
Dec,2023,Natividad,0
Jan,2024,Natividad,1
Feb,2024,Natividad,0
Mar,2024,Natividad,0
Apr,2024,Natividad,0
May,2024,Natividad,0
Jun,2024,Natividad,0
Jul,2024,Natividad,2
Aug,2024,Natividad,5
Sep,2024,Natividad,5
Oct,2024,Natividad,3
Jan,2019,Pozorrubio,43
Feb,2019,Pozorrubio,15
Mar,2019,Pozorrubio,2
Apr,2019,Pozorrubio,7
May,2019,Pozorrubio,6
Jun,2019,Pozorrubio,9
Jul,2019,Pozorrubio,21
Aug,2019,Pozorrubio,44
Sep,2019,Pozorrubio,37
Oct,2019,Pozorrubio,26
Nov,2019,Pozorrubio,3
Dec,2019,Pozorrubio,0
Jan,2020,Pozorrubio,9
Feb,2020,Pozorrubio,1
Mar,2020,Pozorrubio,0
Apr,2020,Pozorrubio,1
May,2020,Pozorrubio,1
Jun,2020,Pozorrubio,4
Jul,2020,Pozorrubio,6
Aug,2020,Pozorrubio,17
Sep,2020,Pozorrubio,17
Oct,2020,Pozorrubio,10
Nov,2020,Pozorrubio,10
Dec,2020,Pozorrubio,12
Jan,2021,Pozorrubio,14
Feb,2021,Pozorrubio,9
Mar,2021,Pozorrubio,12
Apr,2021,Pozorrubio,13
May,2021,Pozorrubio,7
Jun,2021,Pozorrubio,58
Jul,2021,Pozorrubio,42
Aug,2021,Pozorrubio,40
Sep,2021,Pozorrubio,10
Oct,2021,Pozorrubio,2
Nov,2021,Pozorrubio,1
Dec,2021,Pozorrubio,0
Jan,2022,Pozorrubio,2
Feb,2022,Pozorrubio,0
Mar,2022,Pozorrubio,0
Apr,2022,Pozorrubio,1
May,2022,Pozorrubio,1
Jun,2022,Pozorrubio,1
Jul,2022,Pozorrubio,8
Aug,2022,Pozorrubio,16
Sep,2022,Pozorrubio,6
Oct,2022,Pozorrubio,8
Nov,2022,Pozorrubio,4
Dec,2022,Pozorrubio,1
Jan,2023,Pozorrubio,1
Feb,2023,Pozorrubio,0
Mar,2023,Pozorrubio,1
Apr,2023,Pozorrubio,4
May,2023,Pozorrubio,4
Jun,2023,Pozorrubio,6
Jul,2023,Pozorrubio,9
Aug,2023,Pozorrubio,14
Sep,2023,Pozorrubio,4
Oct,2023,Pozorrubio,1
Nov,2023,Pozorrubio,3
Dec,2023,Pozorrubio,1
Jan,2024,Pozorrubio,1
Feb,2024,Pozorrubio,2
Mar,2024,Pozorrubio,2
Apr,2024,Pozorrubio,1
May,2024,Pozorrubio,0
Jun,2024,Pozorrubio,0
Jul,2024,Pozorrubio,14
Aug,2024,Pozorrubio,32
Sep,2024,Pozorrubio,17
Oct,2024,Pozorrubio,10
Jan,2019,Rosales,6
Feb,2019,Rosales,2
Mar,2019,Rosales,4
Apr,2019,Rosales,2
May,2019,Rosales,2
Jun,2019,Rosales,13
Jul,2019,Rosales,89
Aug,2019,Rosales,108
Sep,2019,Rosales,34
Oct,2019,Rosales,18
Nov,2019,Rosales,11
Dec,2019,Rosales,4
Jan,2020,Rosales,3
Feb,2020,Rosales,1
Mar,2020,Rosales,1
Apr,2020,Rosales,1
May,2020,Rosales,0
Jun,2020,Rosales,0
Jul,2020,Rosales,0
Aug,2020,Rosales,1
Sep,2020,Rosales,0
Oct,2020,Rosales,1
Nov,2020,Rosales,5
Dec,2020,Rosales,2
Jan,2021,Rosales,7
Feb,2021,Rosales,6
Mar,2021,Rosales,6
Apr,2021,Rosales,8
May,2021,Rosales,7
Jun,2021,Rosales,7
Jul,2021,Rosales,12
Aug,2021,Rosales,6
Sep,2021,Rosales,3
Oct,2021,Rosales,1
Nov,2021,Rosales,0
Dec,2021,Rosales,0
Jan,2022,Rosales,0
Feb,2022,Rosales,0
Mar,2022,Rosales,0
Apr,2022,Rosales,1
May,2022,Rosales,1
Jun,2022,Rosales,2
Jul,2022,Rosales,13
Aug,2022,Rosales,33
Sep,2022,Rosales,6
Oct,2022,Rosales,16
Nov,2022,Rosales,11
Dec,2022,Rosales,7
Jan,2023,Rosales,3
Feb,2023,Rosales,3
Mar,2023,Rosales,2
Apr,2023,Rosales,0
May,2023,Rosales,1
Jun,2023,Rosales,7
Jul,2023,Rosales,9
Aug,2023,Rosales,8
Sep,2023,Rosales,8
Oct,2023,Rosales,17
Nov,2023,Rosales,6
Dec,2023,Rosales,3
Jan,2024,Rosales,5
Feb,2024,Rosales,0
Mar,2024,Rosales,2
Apr,2024,Rosales,0
May,2024,Rosales,0
Jun,2024,Rosales,0
Jul,2024,Rosales,15
Aug,2024,Rosales,46
Sep,2024,Rosales,10
Oct,2024,Rosales,4
Jan,2019,San Carlos City,23
Feb,2019,San Carlos City,11
Mar,2019,San Carlos City,11
Apr,2019,San Carlos City,4
May,2019,San Carlos City,6
Jun,2019,San Carlos City,21
Jul,2019,San Carlos City,73
Aug,2019,San Carlos City,179
Sep,2019,San Carlos City,221
Oct,2019,San Carlos City,196
Nov,2019,San Carlos City,98
Dec,2019,San Carlos City,23
Jan,2020,San Carlos City,52
Feb,2020,San Carlos City,43
Mar,2020,San Carlos City,9
Apr,2020,San Carlos City,5
May,2020,San Carlos City,2
Jun,2020,San Carlos City,4
Jul,2020,San Carlos City,28
Aug,2020,San Carlos City,103
Sep,2020,San Carlos City,114
Oct,2020,San Carlos City,181
Nov,2020,San Carlos City,153
Dec,2020,San Carlos City,142
Jan,2021,San Carlos City,87
Feb,2021,San Carlos City,53
Mar,2021,San Carlos City,50
Apr,2021,San Carlos City,37
May,2021,San Carlos City,39
Jun,2021,San Carlos City,36
Jul,2021,San Carlos City,57
Aug,2021,San Carlos City,64
Sep,2021,San Carlos City,50
Oct,2021,San Carlos City,33
Nov,2021,San Carlos City,16
Dec,2021,San Carlos City,6
Jan,2022,San Carlos City,11
Feb,2022,San Carlos City,2
Mar,2022,San Carlos City,4
Apr,2022,San Carlos City,9
May,2022,San Carlos City,37
Jun,2022,San Carlos City,44
Jul,2022,San Carlos City,74
Aug,2022,San Carlos City,29
Sep,2022,San Carlos City,14
Oct,2022,San Carlos City,6
Nov,2022,San Carlos City,6
Dec,2022,San Carlos City,5
Jan,2023,San Carlos City,3
Feb,2023,San Carlos City,7
Mar,2023,San Carlos City,15
Apr,2023,San Carlos City,6
May,2023,San Carlos City,10
Jun,2023,San Carlos City,11
Jul,2023,San Carlos City,16
Aug,2023,San Carlos City,19
Sep,2023,San Carlos City,27
Oct,2023,San Carlos City,21
Nov,2023,San Carlos City,14
Dec,2023,San Carlos City,3
Jan,2024,San Carlos City,10
Feb,2024,San Carlos City,7
Mar,2024,San Carlos City,0
Apr,2024,San Carlos City,2
May,2024,San Carlos City,5
Jun,2024,San Carlos City,18
Jul,2024,San Carlos City,129
Aug,2024,San Carlos City,283
Sep,2024,San Carlos City,254
Oct,2024,San Carlos City,66
Jan,2019,San Fabian,12
Feb,2019,San Fabian,5
Mar,2019,San Fabian,2
Apr,2019,San Fabian,3
May,2019,San Fabian,0
Jun,2019,San Fabian,4
Jul,2019,San Fabian,19
Aug,2019,San Fabian,48
Sep,2019,San Fabian,37
Oct,2019,San Fabian,33
Nov,2019,San Fabian,22
Dec,2019,San Fabian,11
Jan,2020,San Fabian,13
Feb,2020,San Fabian,6
Mar,2020,San Fabian,1
Apr,2020,San Fabian,2
May,2020,San Fabian,2
Jun,2020,San Fabian,3
Jul,2020,San Fabian,10
Aug,2020,San Fabian,18
Sep,2020,San Fabian,7
Oct,2020,San Fabian,7
Nov,2020,San Fabian,7
Dec,2020,San Fabian,5
Jan,2021,San Fabian,7
Feb,2021,San Fabian,3
Mar,2021,San Fabian,3
Apr,2021,San Fabian,0
May,2021,San Fabian,2
Jun,2021,San Fabian,5
Jul,2021,San Fabian,6
Aug,2021,San Fabian,9
Sep,2021,San Fabian,2
Oct,2021,San Fabian,0
Nov,2021,San Fabian,0
Dec,2021,San Fabian,0
Jan,2022,San Fabian,0
Feb,2022,San Fabian,0
Mar,2022,San Fabian,1
Apr,2022,San Fabian,1
May,2022,San Fabian,1
Jun,2022,San Fabian,2
Jul,2022,San Fabian,5
Aug,2022,San Fabian,9
Sep,2022,San Fabian,2
Oct,2022,San Fabian,4
Nov,2022,San Fabian,3
Dec,2022,San Fabian,2
Jan,2023,San Fabian,1
Feb,2023,San Fabian,1
Mar,2023,San Fabian,1
Apr,2023,San Fabian,0
May,2023,San Fabian,1
Jun,2023,San Fabian,3
Jul,2023,San Fabian,4
Aug,2023,San Fabian,9
Sep,2023,San Fabian,5
Oct,2023,San Fabian,2
Nov,2023,San Fabian,7
Dec,2023,San Fabian,3
Jan,2024,San Fabian,4
Feb,2024,San Fabian,1
Mar,2024,San Fabian,1
Apr,2024,San Fabian,0
May,2024,San Fabian,0
Jun,2024,San Fabian,1
Jul,2024,San Fabian,4
Aug,2024,San Fabian,9
Sep,2024,San Fabian,8
Oct,2024,San Fabian,0
Jan,2019,San Jacinto,2
Feb,2019,San Jacinto,7
Mar,2019,San Jacinto,1
Apr,2019,San Jacinto,0
May,2019,San Jacinto,0
Jun,2019,San Jacinto,5
Jul,2019,San Jacinto,23
Aug,2019,San Jacinto,15
Sep,2019,San Jacinto,22
Oct,2019,San Jacinto,15
Nov,2019,San Jacinto,11
Dec,2019,San Jacinto,6
Jan,2020,San Jacinto,6
Feb,2020,San Jacinto,1
Mar,2020,San Jacinto,1
Apr,2020,San Jacinto,0
May,2020,San Jacinto,0
Jun,2020,San Jacinto,0
Jul,2020,San Jacinto,5
Aug,2020,San Jacinto,2
Sep,2020,San Jacinto,12
Oct,2020,San Jacinto,7
Nov,2020,San Jacinto,8
Dec,2020,San Jacinto,3
Jan,2021,San Jacinto,4
Feb,2021,San Jacinto,1
Mar,2021,San Jacinto,2
Apr,2021,San Jacinto,0
May,2021,San Jacinto,2
Jun,2021,San Jacinto,4
Jul,2021,San Jacinto,17
Aug,2021,San Jacinto,4
Sep,2021,San Jacinto,2
Oct,2021,San Jacinto,0
Nov,2021,San Jacinto,0
Dec,2021,San Jacinto,0
Jan,2022,San Jacinto,0
Feb,2022,San Jacinto,0
Mar,2022,San Jacinto,0
Apr,2022,San Jacinto,0
May,2022,San Jacinto,1
Jun,2022,San Jacinto,1
Jul,2022,San Jacinto,4
Aug,2022,San Jacinto,3
Sep,2022,San Jacinto,4
Oct,2022,San Jacinto,1
Nov,2022,San Jacinto,0
Dec,2022,San Jacinto,3
Jan,2023,San Jacinto,1
Feb,2023,San Jacinto,0
Mar,2023,San Jacinto,1
Apr,2023,San Jacinto,0
May,2023,San Jacinto,1
Jun,2023,San Jacinto,0
Jul,2023,San Jacinto,3
Aug,2023,San Jacinto,7
Sep,2023,San Jacinto,7
Oct,2023,San Jacinto,9
Nov,2023,San Jacinto,11
Dec,2023,San Jacinto,2
Jan,2024,San Jacinto,2
Feb,2024,San Jacinto,1
Mar,2024,San Jacinto,0
Apr,2024,San Jacinto,0
May,2024,San Jacinto,1
Jun,2024,San Jacinto,1
Jul,2024,San Jacinto,6
Aug,2024,San Jacinto,14
Sep,2024,San Jacinto,10
Oct,2024,San Jacinto,5
Jan,2019,San Manuel,4
Feb,2019,San Manuel,0
Mar,2019,San Manuel,1
Apr,2019,San Manuel,1
May,2019,San Manuel,0
Jun,2019,San Manuel,1
Jul,2019,San Manuel,5
Aug,2019,San Manuel,18
Sep,2019,San Manuel,15
Oct,2019,San Manuel,16
Nov,2019,San Manuel,11
Dec,2019,San Manuel,5
Jan,2020,San Manuel,4
Feb,2020,San Manuel,2
Mar,2020,San Manuel,1
Apr,2020,San Manuel,0
May,2020,San Manuel,0
Jun,2020,San Manuel,3
Jul,2020,San Manuel,6
Aug,2020,San Manuel,8
Sep,2020,San Manuel,4
Oct,2020,San Manuel,6
Nov,2020,San Manuel,3
Dec,2020,San Manuel,4
Jan,2021,San Manuel,4
Feb,2021,San Manuel,5
Mar,2021,San Manuel,4
Apr,2021,San Manuel,3
May,2021,San Manuel,3
Jun,2021,San Manuel,3
Jul,2021,San Manuel,7
Aug,2021,San Manuel,8
Sep,2021,San Manuel,4
Oct,2021,San Manuel,2
Nov,2021,San Manuel,2
Dec,2021,San Manuel,0
Jan,2022,San Manuel,2
Feb,2022,San Manuel,0
Mar,2022,San Manuel,1
Apr,2022,San Manuel,1
May,2022,San Manuel,1
Jun,2022,San Manuel,1
Jul,2022,San Manuel,10
Aug,2022,San Manuel,14
Sep,2022,San Manuel,11
Oct,2022,San Manuel,3
Nov,2022,San Manuel,3
Dec,2022,San Manuel,2
Jan,2023,San Manuel,1
Feb,2023,San Manuel,0
Mar,2023,San Manuel,0
Apr,2023,San Manuel,1
May,2023,San Manuel,1
Jun,2023,San Manuel,1
Jul,2023,San Manuel,2
Aug,2023,San Manuel,1
Sep,2023,San Manuel,1
Oct,2023,San Manuel,1
Nov,2023,San Manuel,0
Dec,2023,San Manuel,1
Jan,2024,San Manuel,0
Feb,2024,San Manuel,0
Mar,2024,San Manuel,0
Apr,2024,San Manuel,0
May,2024,San Manuel,0
Jun,2024,San Manuel,0
Jul,2024,San Manuel,1
Aug,2024,San Manuel,18
Sep,2024,San Manuel,7
Oct,2024,San Manuel,4
Jan,2019,San Nicolas,2
Feb,2019,San Nicolas,2
Mar,2019,San Nicolas,1
Apr,2019,San Nicolas,0
May,2019,San Nicolas,0
Jun,2019,San Nicolas,1
Jul,2019,San Nicolas,6
Aug,2019,San Nicolas,26
Sep,2019,San Nicolas,16
Oct,2019,San Nicolas,23
Nov,2019,San Nicolas,10
Dec,2019,San Nicolas,5
Jan,2020,San Nicolas,4
Feb,2020,San Nicolas,3
Mar,2020,San Nicolas,0
Apr,2020,San Nicolas,0
May,2020,San Nicolas,0
Jun,2020,San Nicolas,0
Jul,2020,San Nicolas,1
Aug,2020,San Nicolas,0
Sep,2020,San Nicolas,1
Oct,2020,San Nicolas,0
Nov,2020,San Nicolas,2
Dec,2020,San Nicolas,0
Jan,2021,San Nicolas,1
Feb,2021,San Nicolas,2
Mar,2021,San Nicolas,3
Apr,2021,San Nicolas,3
May,2021,San Nicolas,4
Jun,2021,San Nicolas,10
Jul,2021,San Nicolas,7
Aug,2021,San Nicolas,7
Sep,2021,San Nicolas,6
Oct,2021,San Nicolas,2
Nov,2021,San Nicolas,0
Dec,2021,San Nicolas,0
Jan,2022,San Nicolas,0
Feb,2022,San Nicolas,0
Mar,2022,San Nicolas,0
Apr,2022,San Nicolas,0
May,2022,San Nicolas,1
Jun,2022,San Nicolas,1
Jul,2022,San Nicolas,2
Aug,2022,San Nicolas,1
Sep,2022,San Nicolas,0
Oct,2022,San Nicolas,0
Nov,2022,San Nicolas,0
Dec,2022,San Nicolas,0
Jan,2023,San Nicolas,1
Feb,2023,San Nicolas,0
Mar,2023,San Nicolas,0
Apr,2023,San Nicolas,0
May,2023,San Nicolas,0
Jun,2023,San Nicolas,1
Jul,2023,San Nicolas,2
Aug,2023,San Nicolas,0
Sep,2023,San Nicolas,0
Oct,2023,San Nicolas,2
Nov,2023,San Nicolas,1
Dec,2023,San Nicolas,0
Jan,2024,San Nicolas,0
Feb,2024,San Nicolas,0
Mar,2024,San Nicolas,0
Apr,2024,San Nicolas,0
May,2024,San Nicolas,0
Jun,2024,San Nicolas,6
Jul,2024,San Nicolas,1
Aug,2024,San Nicolas,19
Sep,2024,San Nicolas,30
Oct,2024,San Nicolas,6
Jan,2019,San Quintin,5
Feb,2019,San Quintin,0
Mar,2019,San Quintin,1
Apr,2019,San Quintin,0
May,2019,San Quintin,0
Jun,2019,San Quintin,49
Jul,2019,San Quintin,105
Aug,2019,San Quintin,61
Sep,2019,San Quintin,20
Oct,2019,San Quintin,4
Nov,2019,San Quintin,4
Dec,2019,San Quintin,1
Jan,2020,San Quintin,1
Feb,2020,San Quintin,1
Mar,2020,San Quintin,0
Apr,2020,San Quintin,0
May,2020,San Quintin,0
Jun,2020,San Quintin,0
Jul,2020,San Quintin,1
Aug,2020,San Quintin,0
Sep,2020,San Quintin,0
Oct,2020,San Quintin,0
Nov,2020,San Quintin,0
Dec,2020,San Quintin,0
Jan,2021,San Quintin,1
Feb,2021,San Quintin,0
Mar,2021,San Quintin,1
Apr,2021,San Quintin,0
May,2021,San Quintin,1
Jun,2021,San Quintin,1
Jul,2021,San Quintin,5
Aug,2021,San Quintin,16
Sep,2021,San Quintin,3
Oct,2021,San Quintin,0
Nov,2021,San Quintin,0
Dec,2021,San Quintin,0
Jan,2022,San Quintin,0
Feb,2022,San Quintin,0
Mar,2022,San Quintin,0
Apr,2022,San Quintin,0
May,2022,San Quintin,0
Jun,2022,San Quintin,4
Jul,2022,San Quintin,13
Aug,2022,San Quintin,0
Sep,2022,San Quintin,2
Oct,2022,San Quintin,1
Nov,2022,San Quintin,1
Dec,2022,San Quintin,0
Jan,2023,San Quintin,0
Feb,2023,San Quintin,1
Mar,2023,San Quintin,0
Apr,2023,San Quintin,0
May,2023,San Quintin,0
Jun,2023,San Quintin,1
Jul,2023,San Quintin,9
Aug,2023,San Quintin,3
Sep,2023,San Quintin,2
Oct,2023,San Quintin,1
Nov,2023,San Quintin,2
Dec,2023,San Quintin,0
Jan,2024,San Quintin,0
Feb,2024,San Quintin,0
Mar,2024,San Quintin,0
Apr,2024,San Quintin,0
May,2024,San Quintin,0
Jun,2024,San Quintin,0
Jul,2024,San Quintin,4
Aug,2024,San Quintin,8
Sep,2024,San Quintin,5
Oct,2024,San Quintin,1
Jan,2019,Santa Barbara,17
Feb,2019,Santa Barbara,4
Mar,2019,Santa Barbara,7
Apr,2019,Santa Barbara,0
May,2019,Santa Barbara,2
Jun,2019,Santa Barbara,4
Jul,2019,Santa Barbara,11
Aug,2019,Santa Barbara,46
Sep,2019,Santa Barbara,66
Oct,2019,Santa Barbara,63
Nov,2019,Santa Barbara,41
Dec,2019,Santa Barbara,35
Jan,2020,Santa Barbara,29
Feb,2020,Santa Barbara,14
Mar,2020,Santa Barbara,4
Apr,2020,Santa Barbara,0
May,2020,Santa Barbara,0
Jun,2020,Santa Barbara,0
Jul,2020,Santa Barbara,4
Aug,2020,Santa Barbara,10
Sep,2020,Santa Barbara,15
Oct,2020,Santa Barbara,12
Nov,2020,Santa Barbara,21
Dec,2020,Santa Barbara,27
Jan,2021,Santa Barbara,20
Feb,2021,Santa Barbara,17
Mar,2021,Santa Barbara,10
Apr,2021,Santa Barbara,3
May,2021,Santa Barbara,4
Jun,2021,Santa Barbara,2
Jul,2021,Santa Barbara,9
Aug,2021,Santa Barbara,38
Sep,2021,Santa Barbara,27
Oct,2021,Santa Barbara,15
Nov,2021,Santa Barbara,7
Dec,2021,Santa Barbara,10
Jan,2022,Santa Barbara,8
Feb,2022,Santa Barbara,3
Mar,2022,Santa Barbara,0
Apr,2022,Santa Barbara,5
May,2022,Santa Barbara,12
Jun,2022,Santa Barbara,14
Jul,2022,Santa Barbara,22
Aug,2022,Santa Barbara,39
Sep,2022,Santa Barbara,22
Oct,2022,Santa Barbara,15
Nov,2022,Santa Barbara,11
Dec,2022,Santa Barbara,6
Jan,2023,Santa Barbara,4
Feb,2023,Santa Barbara,2
Mar,2023,Santa Barbara,4
Apr,2023,Santa Barbara,2
May,2023,Santa Barbara,8
Jun,2023,Santa Barbara,7
Jul,2023,Santa Barbara,4
Aug,2023,Santa Barbara,9
Sep,2023,Santa Barbara,9
Oct,2023,Santa Barbara,15
Nov,2023,Santa Barbara,10
Dec,2023,Santa Barbara,1
Jan,2024,Santa Barbara,3
Feb,2024,Santa Barbara,5
Mar,2024,Santa Barbara,2
Apr,2024,Santa Barbara,0
May,2024,Santa Barbara,0
Jun,2024,Santa Barbara,4
Jul,2024,Santa Barbara,23
Aug,2024,Santa Barbara,63
Sep,2024,Santa Barbara,27
Oct,2024,Santa Barbara,13
Jan,2019,Santa Maria,6
Feb,2019,Santa Maria,2
Mar,2019,Santa Maria,2
Apr,2019,Santa Maria,0
May,2019,Santa Maria,0
Jun,2019,Santa Maria,2
Jul,2019,Santa Maria,6
Aug,2019,Santa Maria,11
Sep,2019,Santa Maria,17
Oct,2019,Santa Maria,14
Nov,2019,Santa Maria,2
Dec,2019,Santa Maria,3
Jan,2020,Santa Maria,6
Feb,2020,Santa Maria,1
Mar,2020,Santa Maria,0
Apr,2020,Santa Maria,0
May,2020,Santa Maria,0
Jun,2020,Santa Maria,0
Jul,2020,Santa Maria,0
Aug,2020,Santa Maria,3
Sep,2020,Santa Maria,1
Oct,2020,Santa Maria,1
Nov,2020,Santa Maria,2
Dec,2020,Santa Maria,2
Jan,2021,Santa Maria,4
Feb,2021,Santa Maria,4
Mar,2021,Santa Maria,6
Apr,2021,Santa Maria,3
May,2021,Santa Maria,4
Jun,2021,Santa Maria,12
Jul,2021,Santa Maria,12
Aug,2021,Santa Maria,6
Sep,2021,Santa Maria,0
Oct,2021,Santa Maria,0
Nov,2021,Santa Maria,0
Dec,2021,Santa Maria,1
Jan,2022,Santa Maria,0
Feb,2022,Santa Maria,0
Mar,2022,Santa Maria,0
Apr,2022,Santa Maria,1
May,2022,Santa Maria,1
Jun,2022,Santa Maria,2
Jul,2022,Santa Maria,3
Aug,2022,Santa Maria,7
Sep,2022,Santa Maria,1
Oct,2022,Santa Maria,3
Nov,2022,Santa Maria,1
Dec,2022,Santa Maria,1
Jan,2023,Santa Maria,0
Feb,2023,Santa Maria,0
Mar,2023,Santa Maria,0
Apr,2023,Santa Maria,0
May,2023,Santa Maria,0
Jun,2023,Santa Maria,0
Jul,2023,Santa Maria,4
Aug,2023,Santa Maria,4
Sep,2023,Santa Maria,1
Oct,2023,Santa Maria,7
Nov,2023,Santa Maria,8
Dec,2023,Santa Maria,3
Jan,2024,Santa Maria,2
Feb,2024,Santa Maria,0
Mar,2024,Santa Maria,0
Apr,2024,Santa Maria,0
May,2024,Santa Maria,0
Jun,2024,Santa Maria,0
Jul,2024,Santa Maria,7
Aug,2024,Santa Maria,34
Sep,2024,Santa Maria,7
Oct,2024,Santa Maria,0
Jan,2019,Santo Tomas,2
Feb,2019,Santo Tomas,1
Mar,2019,Santo Tomas,0
Apr,2019,Santo Tomas,0
May,2019,Santo Tomas,0
Jun,2019,Santo Tomas,0
Jul,2019,Santo Tomas,0
Aug,2019,Santo Tomas,1
Sep,2019,Santo Tomas,3
Oct,2019,Santo Tomas,11
Nov,2019,Santo Tomas,0
Dec,2019,Santo Tomas,0
Jan,2020,Santo Tomas,0
Feb,2020,Santo Tomas,1
Mar,2020,Santo Tomas,0
Apr,2020,Santo Tomas,0
May,2020,Santo Tomas,0
Jun,2020,Santo Tomas,0
Jul,2020,Santo Tomas,0
Aug,2020,Santo Tomas,1
Sep,2020,Santo Tomas,0
Oct,2020,Santo Tomas,2
Nov,2020,Santo Tomas,0
Dec,2020,Santo Tomas,0
Jan,2021,Santo Tomas,3
Feb,2021,Santo Tomas,2
Mar,2021,Santo Tomas,2
Apr,2021,Santo Tomas,1
May,2021,Santo Tomas,0
Jun,2021,Santo Tomas,0
Jul,2021,Santo Tomas,1
Aug,2021,Santo Tomas,2
Sep,2021,Santo Tomas,0
Oct,2021,Santo Tomas,1
Nov,2021,Santo Tomas,0
Dec,2021,Santo Tomas,2
Jan,2022,Santo Tomas,0
Feb,2022,Santo Tomas,0
Mar,2022,Santo Tomas,0
Apr,2022,Santo Tomas,0
May,2022,Santo Tomas,1
Jun,2022,Santo Tomas,1
Jul,2022,Santo Tomas,0
Aug,2022,Santo Tomas,0
Sep,2022,Santo Tomas,0
Oct,2022,Santo Tomas,2
Nov,2022,Santo Tomas,1
Dec,2022,Santo Tomas,0
Jan,2023,Santo Tomas,1
Feb,2023,Santo Tomas,0
Mar,2023,Santo Tomas,1
Apr,2023,Santo Tomas,0
May,2023,Santo Tomas,0
Jun,2023,Santo Tomas,2
Jul,2023,Santo Tomas,2
Aug,2023,Santo Tomas,2
Sep,2023,Santo Tomas,1
Oct,2023,Santo Tomas,2
Nov,2023,Santo Tomas,0
Dec,2023,Santo Tomas,0
Jan,2024,Santo Tomas,2
Feb,2024,Santo Tomas,2
Mar,2024,Santo Tomas,1
Apr,2024,Santo Tomas,0
May,2024,Santo Tomas,0
Jun,2024,Santo Tomas,1
Jul,2024,Santo Tomas,3
Aug,2024,Santo Tomas,9
Sep,2024,Santo Tomas,2
Oct,2024,Santo Tomas,0
Jan,2019,Sison,24
Feb,2019,Sison,4
Mar,2019,Sison,1
Apr,2019,Sison,1
May,2019,Sison,0
Jun,2019,Sison,0
Jul,2019,Sison,14
Aug,2019,Sison,26
Sep,2019,Sison,19
Oct,2019,Sison,8
Nov,2019,Sison,5
Dec,2019,Sison,0
Jan,2020,Sison,5
Feb,2020,Sison,1
Mar,2020,Sison,0
Apr,2020,Sison,2
May,2020,Sison,7
Jun,2020,Sison,11
Jul,2020,Sison,8
Aug,2020,Sison,8
Sep,2020,Sison,3
Oct,2020,Sison,1
Nov,2020,Sison,3
Dec,2020,Sison,5
Jan,2021,Sison,5
Feb,2021,Sison,4
Mar,2021,Sison,4
Apr,2021,Sison,1
May,2021,Sison,2
Jun,2021,Sison,37
Jul,2021,Sison,21
Aug,2021,Sison,19
Sep,2021,Sison,2
Oct,2021,Sison,1
Nov,2021,Sison,0
Dec,2021,Sison,0
Jan,2022,Sison,1
Feb,2022,Sison,1
Mar,2022,Sison,0
Apr,2022,Sison,0
May,2022,Sison,1
Jun,2022,Sison,0
Jul,2022,Sison,8
Aug,2022,Sison,12
Sep,2022,Sison,6
Oct,2022,Sison,2
Nov,2022,Sison,3
Dec,2022,Sison,3
Jan,2023,Sison,1
Feb,2023,Sison,0
Mar,2023,Sison,2
Apr,2023,Sison,1
May,2023,Sison,3
Jun,2023,Sison,8
Jul,2023,Sison,5
Aug,2023,Sison,4
Sep,2023,Sison,7
Oct,2023,Sison,6
Nov,2023,Sison,4
Dec,2023,Sison,0
Jan,2024,Sison,1
Feb,2024,Sison,1
Mar,2024,Sison,1
Apr,2024,Sison,1
May,2024,Sison,1
Jun,2024,Sison,2
Jul,2024,Sison,16
Aug,2024,Sison,16
Sep,2024,Sison,14
Oct,2024,Sison,6
Jan,2019,Sual,4
Feb,2019,Sual,4
Mar,2019,Sual,2
Apr,2019,Sual,0
May,2019,Sual,1
Jun,2019,Sual,3
Jul,2019,Sual,9
Aug,2019,Sual,6
Sep,2019,Sual,10
Oct,2019,Sual,9
Nov,2019,Sual,5
Dec,2019,Sual,1
Jan,2020,Sual,0
Feb,2020,Sual,3
Mar,2020,Sual,0
Apr,2020,Sual,0
May,2020,Sual,0
Jun,2020,Sual,2
Jul,2020,Sual,16
Aug,2020,Sual,7
Sep,2020,Sual,6
Oct,2020,Sual,0
Nov,2020,Sual,3
Dec,2020,Sual,3
Jan,2021,Sual,12
Feb,2021,Sual,6
Mar,2021,Sual,9
Apr,2021,Sual,5
May,2021,Sual,10
Jun,2021,Sual,10
Jul,2021,Sual,13
Aug,2021,Sual,3
Sep,2021,Sual,2
Oct,2021,Sual,0
Nov,2021,Sual,1
Dec,2021,Sual,0
Jan,2022,Sual,0
Feb,2022,Sual,0
Mar,2022,Sual,2
Apr,2022,Sual,0
May,2022,Sual,2
Jun,2022,Sual,2
Jul,2022,Sual,4
Aug,2022,Sual,2
Sep,2022,Sual,0
Oct,2022,Sual,0
Nov,2022,Sual,1
Dec,2022,Sual,0
Jan,2023,Sual,0
Feb,2023,Sual,0
Mar,2023,Sual,2
Apr,2023,Sual,1
May,2023,Sual,0
Jun,2023,Sual,1
Jul,2023,Sual,1
Aug,2023,Sual,5
Sep,2023,Sual,5
Oct,2023,Sual,1
Nov,2023,Sual,4
Dec,2023,Sual,1
Jan,2024,Sual,3
Feb,2024,Sual,0
Mar,2024,Sual,1
Apr,2024,Sual,0
May,2024,Sual,2
Jun,2024,Sual,6
Jul,2024,Sual,47
Aug,2024,Sual,23
Sep,2024,Sual,8
Oct,2024,Sual,0
Jan,2019,Tayug,9
Feb,2019,Tayug,2
Mar,2019,Tayug,0
Apr,2019,Tayug,0
May,2019,Tayug,2
Jun,2019,Tayug,2
Jul,2019,Tayug,9
Aug,2019,Tayug,46
Sep,2019,Tayug,26
Oct,2019,Tayug,23
Nov,2019,Tayug,16
Dec,2019,Tayug,3
Jan,2020,Tayug,5
Feb,2020,Tayug,2
Mar,2020,Tayug,0
Apr,2020,Tayug,0
May,2020,Tayug,0
Jun,2020,Tayug,0
Jul,2020,Tayug,1
Aug,2020,Tayug,1
Sep,2020,Tayug,3
Oct,2020,Tayug,1
Nov,2020,Tayug,5
Dec,2020,Tayug,5
Jan,2021,Tayug,1
Feb,2021,Tayug,3
Mar,2021,Tayug,10
Apr,2021,Tayug,2
May,2021,Tayug,3
Jun,2021,Tayug,8
Jul,2021,Tayug,13
Aug,2021,Tayug,21
Sep,2021,Tayug,5
Oct,2021,Tayug,2
Nov,2021,Tayug,0
Dec,2021,Tayug,0
Jan,2022,Tayug,2
Feb,2022,Tayug,1
Mar,2022,Tayug,0
Apr,2022,Tayug,0
May,2022,Tayug,2
Jun,2022,Tayug,2
Jul,2022,Tayug,10
Aug,2022,Tayug,4
Sep,2022,Tayug,0
Oct,2022,Tayug,0
Nov,2022,Tayug,1
Dec,2022,Tayug,0
Jan,2023,Tayug,0
Feb,2023,Tayug,0
Mar,2023,Tayug,0
Apr,2023,Tayug,0
May,2023,Tayug,3
Jun,2023,Tayug,4
Jul,2023,Tayug,1
Aug,2023,Tayug,2
Sep,2023,Tayug,1
Oct,2023,Tayug,4
Nov,2023,Tayug,5
Dec,2023,Tayug,2
Jan,2024,Tayug,0
Feb,2024,Tayug,0
Mar,2024,Tayug,0
Apr,2024,Tayug,0
May,2024,Tayug,0
Jun,2024,Tayug,1
Jul,2024,Tayug,15
Aug,2024,Tayug,54
Sep,2024,Tayug,42
Oct,2024,Tayug,8
Jan,2019,Umingan,12
Feb,2019,Umingan,2
Mar,2019,Umingan,3
Apr,2019,Umingan,3
May,2019,Umingan,0
Jun,2019,Umingan,4
Jul,2019,Umingan,18
Aug,2019,Umingan,33
Sep,2019,Umingan,39
Oct,2019,Umingan,27
Nov,2019,Umingan,18
Dec,2019,Umingan,9
Jan,2020,Umingan,9
Feb,2020,Umingan,7
Mar,2020,Umingan,1
Apr,2020,Umingan,0
May,2020,Umingan,0
Jun,2020,Umingan,3
Jul,2020,Umingan,15
Aug,2020,Umingan,43
Sep,2020,Umingan,54
Oct,2020,Umingan,34
Nov,2020,Umingan,22
Dec,2020,Umingan,16
Jan,2021,Umingan,12
Feb,2021,Umingan,14
Mar,2021,Umingan,14
Apr,2021,Umingan,15
May,2021,Umingan,10
Jun,2021,Umingan,16
Jul,2021,Umingan,43
Aug,2021,Umingan,55
Sep,2021,Umingan,6
Oct,2021,Umingan,7
Nov,2021,Umingan,4
Dec,2021,Umingan,2
Jan,2022,Umingan,4
Feb,2022,Umingan,0
Mar,2022,Umingan,3
Apr,2022,Umingan,2
May,2022,Umingan,2
Jun,2022,Umingan,2
Jul,2022,Umingan,7
Aug,2022,Umingan,18
Sep,2022,Umingan,14
Oct,2022,Umingan,21
Nov,2022,Umingan,7
Dec,2022,Umingan,7
Jan,2023,Umingan,11
Feb,2023,Umingan,5
Mar,2023,Umingan,4
Apr,2023,Umingan,1
May,2023,Umingan,4
Jun,2023,Umingan,11
Jul,2023,Umingan,28
Aug,2023,Umingan,40
Sep,2023,Umingan,16
Oct,2023,Umingan,6
Nov,2023,Umingan,7
Dec,2023,Umingan,8
Jan,2024,Umingan,5
Feb,2024,Umingan,2
Mar,2024,Umingan,0
Apr,2024,Umingan,0
May,2024,Umingan,0
Jun,2024,Umingan,1
Jul,2024,Umingan,13
Aug,2024,Umingan,19
Sep,2024,Umingan,23
Oct,2024,Umingan,8
Jan,2019,Urbiztondo,2
Feb,2019,Urbiztondo,2
Mar,2019,Urbiztondo,1
Apr,2019,Urbiztondo,0
May,2019,Urbiztondo,1
Jun,2019,Urbiztondo,0
Jul,2019,Urbiztondo,10
Aug,2019,Urbiztondo,10
Sep,2019,Urbiztondo,22
Oct,2019,Urbiztondo,16
Nov,2019,Urbiztondo,13
Dec,2019,Urbiztondo,5
Jan,2020,Urbiztondo,6
Feb,2020,Urbiztondo,7
Mar,2020,Urbiztondo,0
Apr,2020,Urbiztondo,0
May,2020,Urbiztondo,1
Jun,2020,Urbiztondo,1
Jul,2020,Urbiztondo,2
Aug,2020,Urbiztondo,6
Sep,2020,Urbiztondo,10
Oct,2020,Urbiztondo,13
Nov,2020,Urbiztondo,13
Dec,2020,Urbiztondo,9
Jan,2021,Urbiztondo,5
Feb,2021,Urbiztondo,4
Mar,2021,Urbiztondo,0
Apr,2021,Urbiztondo,5
May,2021,Urbiztondo,4
Jun,2021,Urbiztondo,2
Jul,2021,Urbiztondo,8
Aug,2021,Urbiztondo,4
Sep,2021,Urbiztondo,5
Oct,2021,Urbiztondo,2
Nov,2021,Urbiztondo,1
Dec,2021,Urbiztondo,0
Jan,2022,Urbiztondo,0
Feb,2022,Urbiztondo,2
Mar,2022,Urbiztondo,0
Apr,2022,Urbiztondo,1
May,2022,Urbiztondo,4
Jun,2022,Urbiztondo,4
Jul,2022,Urbiztondo,1
Aug,2022,Urbiztondo,5
Sep,2022,Urbiztondo,3
Oct,2022,Urbiztondo,0
Nov,2022,Urbiztondo,0
Dec,2022,Urbiztondo,0
Jan,2023,Urbiztondo,0
Feb,2023,Urbiztondo,0
Mar,2023,Urbiztondo,1
Apr,2023,Urbiztondo,0
May,2023,Urbiztondo,0
Jun,2023,Urbiztondo,1
Jul,2023,Urbiztondo,2
Aug,2023,Urbiztondo,3
Sep,2023,Urbiztondo,6
Oct,2023,Urbiztondo,3
Nov,2023,Urbiztondo,5
Dec,2023,Urbiztondo,0
Jan,2024,Urbiztondo,4
Feb,2024,Urbiztondo,4
Mar,2024,Urbiztondo,13
Apr,2024,Urbiztondo,1
May,2024,Urbiztondo,4
Jun,2024,Urbiztondo,22
Jul,2024,Urbiztondo,106
Aug,2024,Urbiztondo,137
Sep,2024,Urbiztondo,59
Oct,2024,Urbiztondo,12
Jan,2019,Urdaneta City,36
Feb,2019,Urdaneta City,20
Mar,2019,Urdaneta City,10
Apr,2019,Urdaneta City,3
May,2019,Urdaneta City,2
Jun,2019,Urdaneta City,4
Jul,2019,Urdaneta City,22
Aug,2019,Urdaneta City,60
Sep,2019,Urdaneta City,89
Oct,2019,Urdaneta City,82
Nov,2019,Urdaneta City,65
Dec,2019,Urdaneta City,39
Jan,2020,Urdaneta City,32
Feb,2020,Urdaneta City,23
Mar,2020,Urdaneta City,10
Apr,2020,Urdaneta City,1
May,2020,Urdaneta City,4
Jun,2020,Urdaneta City,10
Jul,2020,Urdaneta City,16
Aug,2020,Urdaneta City,15
Sep,2020,Urdaneta City,17
Oct,2020,Urdaneta City,19
Nov,2020,Urdaneta City,35
Dec,2020,Urdaneta City,30
Jan,2021,Urdaneta City,38
Feb,2021,Urdaneta City,23
Mar,2021,Urdaneta City,27
Apr,2021,Urdaneta City,5
May,2021,Urdaneta City,3
Jun,2021,Urdaneta City,3
Jul,2021,Urdaneta City,22
Aug,2021,Urdaneta City,43
Sep,2021,Urdaneta City,41
Oct,2021,Urdaneta City,29
Nov,2021,Urdaneta City,12
Dec,2021,Urdaneta City,8
Jan,2022,Urdaneta City,4
Feb,2022,Urdaneta City,0
Mar,2022,Urdaneta City,0
Apr,2022,Urdaneta City,1
May,2022,Urdaneta City,3
Jun,2022,Urdaneta City,17
Jul,2022,Urdaneta City,51
Aug,2022,Urdaneta City,67
Sep,2022,Urdaneta City,24
Oct,2022,Urdaneta City,16
Nov,2022,Urdaneta City,18
Dec,2022,Urdaneta City,10
Jan,2023,Urdaneta City,11
Feb,2023,Urdaneta City,6
Mar,2023,Urdaneta City,5
Apr,2023,Urdaneta City,1
May,2023,Urdaneta City,4
Jun,2023,Urdaneta City,9
Jul,2023,Urdaneta City,8
Aug,2023,Urdaneta City,8
Sep,2023,Urdaneta City,10
Oct,2023,Urdaneta City,14
Nov,2023,Urdaneta City,15
Dec,2023,Urdaneta City,5
Jan,2024,Urdaneta City,2
Feb,2024,Urdaneta City,0
Mar,2024,Urdaneta City,0
Apr,2024,Urdaneta City,0
May,2024,Urdaneta City,1
Jun,2024,Urdaneta City,2
Jul,2024,Urdaneta City,19
Aug,2024,Urdaneta City,82
Sep,2024,Urdaneta City,76
Oct,2024,Urdaneta City,33
Jan,2019,Villasis,6
Feb,2019,Villasis,11
Mar,2019,Villasis,8
Apr,2019,Villasis,5
May,2019,Villasis,2
Jun,2019,Villasis,2
Jul,2019,Villasis,10
Aug,2019,Villasis,25
Sep,2019,Villasis,28
Oct,2019,Villasis,29
Nov,2019,Villasis,20
Dec,2019,Villasis,7
Jan,2020,Villasis,5
Feb,2020,Villasis,6
Mar,2020,Villasis,0
Apr,2020,Villasis,0
May,2020,Villasis,0
Jun,2020,Villasis,2
Jul,2020,Villasis,1
Aug,2020,Villasis,5
Sep,2020,Villasis,8
Oct,2020,Villasis,7
Nov,2020,Villasis,8
Dec,2020,Villasis,7
Jan,2021,Villasis,8
Feb,2021,Villasis,8
Mar,2021,Villasis,3
Apr,2021,Villasis,1
May,2021,Villasis,3
Jun,2021,Villasis,3
Jul,2021,Villasis,11
Aug,2021,Villasis,15
Sep,2021,Villasis,7
Oct,2021,Villasis,3
Nov,2021,Villasis,1
Dec,2021,Villasis,0
Jan,2022,Villasis,3
Feb,2022,Villasis,0
Mar,2022,Villasis,1
Apr,2022,Villasis,3
May,2022,Villasis,3
Jun,2022,Villasis,13
Jul,2022,Villasis,19
Aug,2022,Villasis,19
Sep,2022,Villasis,8
Oct,2022,Villasis,8
Nov,2022,Villasis,5
Dec,2022,Villasis,2
Jan,2023,Villasis,2
Feb,2023,Villasis,5
Mar,2023,Villasis,3
Apr,2023,Villasis,1
May,2023,Villasis,3
Jun,2023,Villasis,3
Jul,2023,Villasis,7
Aug,2023,Villasis,4
Sep,2023,Villasis,3
Oct,2023,Villasis,3
Nov,2023,Villasis,1
Dec,2023,Villasis,4
Jan,2024,Villasis,3
Feb,2024,Villasis,0
Mar,2024,Villasis,0
Apr,2024,Villasis,0
May,2024,Villasis,0
Jun,2024,Villasis,0
Jul,2024,Villasis,23
Aug,2024,Villasis,70
Sep,2024,Villasis,28
Oct,2024,Villasis,8
